event_id,event_name,round,driver_id,driver_name,model,predicted_position,actual_position
54,Australian Grand Prix,1,11,Lando Norris,Ridge,1.0,1.0
61,Chinese Grand Prix,2,18,Oscar Piastri,Ridge,1.0,1.0
55,Japanese Grand Prix,3,1,Max Verstappen,Ridge,1.0,1.0
56,Bahrain Grand Prix,4,18,Oscar Piastri,Ridge,1.0,1.0
57,Saudi Arabian Grand Prix,5,1,Max Verstappen,Ridge,1.0,2.0
60,Miami Grand Prix,6,1,Max Verstappen,Ridge,1.0,4.0
58,Emilia Romagna Grand Prix,7,18,Oscar Piastri,Ridge,1.0,3.0
59,Monaco Grand Prix,8,11,Lando Norris,Ridge,1.0,1.0
77,Spanish Grand Prix,9,18,Oscar Piastri,Ridge,1.0,1.0
78,Canadian Grand Prix,10,6,George Russell,Ridge,1.0,1.0
79,Austrian Grand Prix,11,11,Lando Norris,Ridge,1.0,1.0
80,British Grand Prix,12,1,Max Verstappen,Ridge,1.0,5.0
81,Belgian Grand Prix,13,11,Lando Norris,Ridge,1.0,2.0
82,Hungarian Grand Prix,14,3,Charles Leclerc,Ridge,1.0,4.0
83,Dutch Grand Prix,15,18,Oscar Piastri,Ridge,1.0,1.0
84,Italian Grand Prix,16,1,Max Verstappen,Ridge,1.0,
85,Azerbaijan Grand Prix,17,1,Max Verstappen,Ridge,1.0,
86,Singapore Grand Prix,18,6,George Russell,Ridge,1.0,
87,United States Grand Prix,19,1,Max Verstappen,Ridge,1.0,
88,Mexico City Grand Prix,20,11,Lando Norris,Ridge,1.0,
89,São Paulo Grand Prix,21,24,Gabriel Bortoleto,Ridge,1.0,
90,Las Vegas Grand Prix,22,11,Lando Norris,Ridge,1.0,
91,Qatar Grand Prix,23,18,Oscar Piastri,Ridge,1.0,
54,Australian Grand Prix,1,18,Oscar Piastri,Ridge,2.0,9.0
61,Chinese Grand Prix,2,6,George Russell,Ridge,2.0,3.0
55,Japanese Grand Prix,3,11,Lando Norris,Ridge,2.0,2.0
56,Bahrain Grand Prix,4,6,George Russell,Ridge,2.0,2.0
57,Saudi Arabian Grand Prix,5,18,Oscar Piastri,Ridge,2.0,1.0
60,Miami Grand Prix,6,11,Lando Norris,Ridge,2.0,2.0
58,Emilia Romagna Grand Prix,7,1,Max Verstappen,Ridge,2.0,1.0
59,Monaco Grand Prix,8,3,Charles Leclerc,Ridge,2.0,2.0
77,Spanish Grand Prix,9,11,Lando Norris,Ridge,2.0,2.0
78,Canadian Grand Prix,10,1,Max Verstappen,Ridge,2.0,2.0
79,Austrian Grand Prix,11,3,Charles Leclerc,Ridge,2.0,3.0
80,British Grand Prix,12,18,Oscar Piastri,Ridge,2.0,2.0
81,Belgian Grand Prix,13,18,Oscar Piastri,Ridge,2.0,1.0
82,Hungarian Grand Prix,14,18,Oscar Piastri,Ridge,2.0,2.0
83,Dutch Grand Prix,15,11,Lando Norris,Ridge,2.0,18.0
84,Italian Grand Prix,16,11,Lando Norris,Ridge,2.0,
85,Azerbaijan Grand Prix,17,4,Carlos Sainz,Ridge,2.0,
86,Singapore Grand Prix,18,1,Max Verstappen,Ridge,2.0,
87,United States Grand Prix,19,11,Lando Norris,Ridge,2.0,
88,Mexico City Grand Prix,20,3,Charles Leclerc,Ridge,2.0,
89,São Paulo Grand Prix,21,11,Lando Norris,Ridge,2.0,
90,Las Vegas Grand Prix,22,1,Max Verstappen,Ridge,2.0,
91,Qatar Grand Prix,23,11,Lando Norris,Ridge,2.0,
54,Australian Grand Prix,1,1,Max Verstappen,Ridge,3.0,2.0
61,Chinese Grand Prix,2,11,Lando Norris,Ridge,3.0,2.0
55,Japanese Grand Prix,3,18,Oscar Piastri,Ridge,3.0,3.0
56,Bahrain Grand Prix,4,3,Charles Leclerc,Ridge,3.0,4.0
57,Saudi Arabian Grand Prix,5,6,George Russell,Ridge,3.0,5.0
60,Miami Grand Prix,6,29,Kimi Antonelli,Ridge,3.0,6.0
58,Emilia Romagna Grand Prix,7,6,George Russell,Ridge,3.0,7.0
59,Monaco Grand Prix,8,18,Oscar Piastri,Ridge,3.0,3.0
77,Spanish Grand Prix,9,1,Max Verstappen,Ridge,3.0,10.0
78,Canadian Grand Prix,10,18,Oscar Piastri,Ridge,3.0,4.0
79,Austrian Grand Prix,11,18,Oscar Piastri,Ridge,3.0,2.0
80,British Grand Prix,12,11,Lando Norris,Ridge,3.0,1.0
81,Belgian Grand Prix,13,3,Charles Leclerc,Ridge,3.0,3.0
82,Hungarian Grand Prix,14,11,Lando Norris,Ridge,3.0,1.0
83,Dutch Grand Prix,15,1,Max Verstappen,Ridge,3.0,2.0
84,Italian Grand Prix,16,18,Oscar Piastri,Ridge,3.0,
85,Azerbaijan Grand Prix,17,25,Liam Lawson,Ridge,3.0,
86,Singapore Grand Prix,18,18,Oscar Piastri,Ridge,3.0,
87,United States Grand Prix,19,3,Charles Leclerc,Ridge,3.0,
88,Mexico City Grand Prix,20,7,Lewis Hamilton,Ridge,3.0,
89,São Paulo Grand Prix,21,29,Kimi Antonelli,Ridge,3.0,
90,Las Vegas Grand Prix,22,4,Carlos Sainz,Ridge,3.0,
91,Qatar Grand Prix,23,1,Max Verstappen,Ridge,3.0,
54,Australian Grand Prix,1,6,George Russell,Ridge,4.0,3.0
61,Chinese Grand Prix,2,1,Max Verstappen,Ridge,4.0,4.0
55,Japanese Grand Prix,3,3,Charles Leclerc,Ridge,4.0,4.0
56,Bahrain Grand Prix,4,29,Kimi Antonelli,Ridge,4.0,11.0
57,Saudi Arabian Grand Prix,5,3,Charles Leclerc,Ridge,4.0,3.0
60,Miami Grand Prix,6,18,Oscar Piastri,Ridge,4.0,1.0
58,Emilia Romagna Grand Prix,7,11,Lando Norris,Ridge,4.0,2.0
59,Monaco Grand Prix,8,7,Lewis Hamilton,Ridge,4.0,5.0
77,Spanish Grand Prix,9,6,George Russell,Ridge,4.0,4.0
78,Canadian Grand Prix,10,29,Kimi Antonelli,Ridge,4.0,3.0
79,Austrian Grand Prix,11,7,Lewis Hamilton,Ridge,4.0,4.0
80,British Grand Prix,12,6,George Russell,Ridge,4.0,10.0
81,Belgian Grand Prix,13,1,Max Verstappen,Ridge,4.0,4.0
82,Hungarian Grand Prix,14,6,George Russell,Ridge,4.0,3.0
83,Dutch Grand Prix,15,23,Isack Hadjar,Ridge,4.0,3.0
84,Italian Grand Prix,16,3,Charles Leclerc,Ridge,4.0,
85,Azerbaijan Grand Prix,17,29,Kimi Antonelli,Ridge,4.0,
86,Singapore Grand Prix,18,29,Kimi Antonelli,Ridge,4.0,
87,United States Grand Prix,19,6,George Russell,Ridge,4.0,
88,Mexico City Grand Prix,20,6,George Russell,Ridge,4.0,
89,São Paulo Grand Prix,21,3,Charles Leclerc,Ridge,4.0,
90,Las Vegas Grand Prix,22,6,George Russell,Ridge,4.0,
91,Qatar Grand Prix,23,6,George Russell,Ridge,4.0,
54,Australian Grand Prix,1,14,Yuki Tsunoda,Ridge,5.0,12.0
61,Chinese Grand Prix,2,7,Lewis Hamilton,Ridge,5.0,19.0
55,Japanese Grand Prix,3,6,George Russell,Ridge,5.0,5.0
56,Bahrain Grand Prix,4,20,Pierre Gasly,Ridge,5.0,7.0
57,Saudi Arabian Grand Prix,5,29,Kimi Antonelli,Ridge,5.0,6.0
60,Miami Grand Prix,6,6,George Russell,Ridge,5.0,3.0
58,Emilia Romagna Grand Prix,7,5,Fernando Alonso,Ridge,5.0,11.0
59,Monaco Grand Prix,8,1,Max Verstappen,Ridge,5.0,4.0
77,Spanish Grand Prix,9,7,Lewis Hamilton,Ridge,5.0,6.0
78,Canadian Grand Prix,10,7,Lewis Hamilton,Ridge,5.0,6.0
79,Austrian Grand Prix,11,6,George Russell,Ridge,5.0,5.0
80,British Grand Prix,12,7,Lewis Hamilton,Ridge,5.0,4.0
81,Belgian Grand Prix,13,15,Alexander Albon,Ridge,5.0,6.0
82,Hungarian Grand Prix,14,5,Fernando Alonso,Ridge,5.0,5.0
83,Dutch Grand Prix,15,6,George Russell,Ridge,5.0,4.0
84,Italian Grand Prix,16,7,Lewis Hamilton,Ridge,5.0,
85,Azerbaijan Grand Prix,17,6,George Russell,Ridge,5.0,
86,Singapore Grand Prix,18,11,Lando Norris,Ridge,5.0,
87,United States Grand Prix,19,7,Lewis Hamilton,Ridge,5.0,
88,Mexico City Grand Prix,20,1,Max Verstappen,Ridge,5.0,
89,São Paulo Grand Prix,21,18,Oscar Piastri,Ridge,5.0,
90,Las Vegas Grand Prix,22,18,Oscar Piastri,Ridge,5.0,
91,Qatar Grand Prix,23,29,Kimi Antonelli,Ridge,5.0,
54,Australian Grand Prix,1,15,Alexander Albon,Ridge,6.0,5.0
61,Chinese Grand Prix,2,3,Charles Leclerc,Ridge,6.0,18.0
55,Japanese Grand Prix,3,29,Kimi Antonelli,Ridge,6.0,6.0
56,Bahrain Grand Prix,4,11,Lando Norris,Ridge,6.0,3.0
57,Saudi Arabian Grand Prix,5,4,Carlos Sainz,Ridge,6.0,8.0
60,Miami Grand Prix,6,4,Carlos Sainz,Ridge,6.0,9.0
58,Emilia Romagna Grand Prix,7,4,Carlos Sainz,Ridge,6.0,8.0
59,Monaco Grand Prix,8,23,Isack Hadjar,Ridge,6.0,6.0
77,Spanish Grand Prix,9,29,Kimi Antonelli,Ridge,6.0,18.0
78,Canadian Grand Prix,10,5,Fernando Alonso,Ridge,6.0,7.0
79,Austrian Grand Prix,11,25,Liam Lawson,Ridge,6.0,6.0
80,British Grand Prix,12,3,Charles Leclerc,Ridge,6.0,14.0
81,Belgian Grand Prix,13,6,George Russell,Ridge,6.0,5.0
82,Hungarian Grand Prix,14,8,Lance Stroll,Ridge,6.0,7.0
83,Dutch Grand Prix,15,3,Charles Leclerc,Ridge,6.0,19.0
84,Italian Grand Prix,16,6,George Russell,Ridge,6.0,
85,Azerbaijan Grand Prix,17,14,Yuki Tsunoda,Ridge,6.0,
86,Singapore Grand Prix,18,7,Lewis Hamilton,Ridge,6.0,
87,United States Grand Prix,19,18,Oscar Piastri,Ridge,6.0,
88,Mexico City Grand Prix,20,29,Kimi Antonelli,Ridge,6.0,
89,São Paulo Grand Prix,21,23,Isack Hadjar,Ridge,6.0,
90,Las Vegas Grand Prix,22,25,Liam Lawson,Ridge,6.0,
91,Qatar Grand Prix,23,23,Isack Hadjar,Ridge,6.0,
54,Australian Grand Prix,1,3,Charles Leclerc,Ridge,7.0,8.0
61,Chinese Grand Prix,2,23,Isack Hadjar,Ridge,7.0,11.0
55,Japanese Grand Prix,3,23,Isack Hadjar,Ridge,7.0,8.0
56,Bahrain Grand Prix,4,1,Max Verstappen,Ridge,7.0,6.0
57,Saudi Arabian Grand Prix,5,7,Lewis Hamilton,Ridge,7.0,7.0
60,Miami Grand Prix,6,15,Alexander Albon,Ridge,7.0,5.0
58,Emilia Romagna Grand Prix,7,15,Alexander Albon,Ridge,7.0,5.0
59,Monaco Grand Prix,8,5,Fernando Alonso,Ridge,7.0,19.0
77,Spanish Grand Prix,9,3,Charles Leclerc,Ridge,7.0,3.0
78,Canadian Grand Prix,10,11,Lando Norris,Ridge,7.0,18.0
79,Austrian Grand Prix,11,1,Max Verstappen,Ridge,7.0,18.0
80,British Grand Prix,12,29,Kimi Antonelli,Ridge,7.0,16.0
81,Belgian Grand Prix,13,14,Yuki Tsunoda,Ridge,7.0,13.0
82,Hungarian Grand Prix,14,24,Gabriel Bortoleto,Ridge,7.0,6.0
83,Dutch Grand Prix,15,7,Lewis Hamilton,Ridge,7.0,20.0
84,Italian Grand Prix,16,29,Kimi Antonelli,Ridge,7.0,
85,Azerbaijan Grand Prix,17,11,Lando Norris,Ridge,7.0,
86,Singapore Grand Prix,18,3,Charles Leclerc,Ridge,7.0,
87,United States Grand Prix,19,29,Kimi Antonelli,Ridge,7.0,
88,Mexico City Grand Prix,20,4,Carlos Sainz,Ridge,7.0,
89,São Paulo Grand Prix,21,6,George Russell,Ridge,7.0,
90,Las Vegas Grand Prix,22,5,Fernando Alonso,Ridge,7.0,
91,Qatar Grand Prix,23,4,Carlos Sainz,Ridge,7.0,
54,Australian Grand Prix,1,7,Lewis Hamilton,Ridge,8.0,10.0
61,Chinese Grand Prix,2,29,Kimi Antonelli,Ridge,8.0,6.0
55,Japanese Grand Prix,3,7,Lewis Hamilton,Ridge,8.0,7.0
56,Bahrain Grand Prix,4,4,Carlos Sainz,Ridge,8.0,19.0
57,Saudi Arabian Grand Prix,5,14,Yuki Tsunoda,Ridge,8.0,19.0
60,Miami Grand Prix,6,3,Charles Leclerc,Ridge,8.0,7.0
58,Emilia Romagna Grand Prix,7,8,Lance Stroll,Ridge,8.0,15.0
59,Monaco Grand Prix,8,9,Esteban Ocon,Ridge,8.0,7.0
77,Spanish Grand Prix,9,20,Pierre Gasly,Ridge,8.0,8.0
78,Canadian Grand Prix,10,3,Charles Leclerc,Ridge,8.0,5.0
79,Austrian Grand Prix,11,24,Gabriel Bortoleto,Ridge,8.0,8.0
80,British Grand Prix,12,26,Oliver Bearman,Ridge,8.0,11.0
81,Belgian Grand Prix,13,23,Isack Hadjar,Ridge,8.0,20.0
82,Hungarian Grand Prix,14,1,Max Verstappen,Ridge,8.0,9.0
83,Dutch Grand Prix,15,25,Liam Lawson,Ridge,8.0,12.0
84,Italian Grand Prix,16,24,Gabriel Bortoleto,Ridge,8.0,
85,Azerbaijan Grand Prix,17,23,Isack Hadjar,Ridge,8.0,
86,Singapore Grand Prix,18,23,Isack Hadjar,Ridge,8.0,
87,United States Grand Prix,19,26,Oliver Bearman,Ridge,8.0,
88,Mexico City Grand Prix,20,18,Oscar Piastri,Ridge,8.0,
89,São Paulo Grand Prix,21,25,Liam Lawson,Ridge,8.0,
90,Las Vegas Grand Prix,22,23,Isack Hadjar,Ridge,8.0,
91,Qatar Grand Prix,23,5,Fernando Alonso,Ridge,8.0,
54,Australian Grand Prix,1,20,Pierre Gasly,Ridge,9.0,11.0
61,Chinese Grand Prix,2,14,Yuki Tsunoda,Ridge,9.0,16.0
55,Japanese Grand Prix,3,15,Alexander Albon,Ridge,9.0,9.0
56,Bahrain Grand Prix,4,7,Lewis Hamilton,Ridge,9.0,5.0
57,Saudi Arabian Grand Prix,5,20,Pierre Gasly,Ridge,9.0,20.0
60,Miami Grand Prix,6,9,Esteban Ocon,Ridge,9.0,12.0
58,Emilia Romagna Grand Prix,7,23,Isack Hadjar,Ridge,9.0,9.0
59,Monaco Grand Prix,8,25,Liam Lawson,Ridge,9.0,8.0
77,Spanish Grand Prix,9,23,Isack Hadjar,Ridge,9.0,7.0
78,Canadian Grand Prix,10,23,Isack Hadjar,Ridge,9.0,16.0
79,Austrian Grand Prix,11,29,Kimi Antonelli,Ridge,9.0,19.0
80,British Grand Prix,12,5,Fernando Alonso,Ridge,9.0,9.0
81,Belgian Grand Prix,13,25,Liam Lawson,Ridge,9.0,8.0
82,Hungarian Grand Prix,14,25,Liam Lawson,Ridge,9.0,8.0
83,Dutch Grand Prix,15,4,Carlos Sainz,Ridge,9.0,13.0
84,Italian Grand Prix,16,5,Fernando Alonso,Ridge,9.0,
85,Azerbaijan Grand Prix,17,18,Oscar Piastri,Ridge,9.0,
86,Singapore Grand Prix,18,26,Oliver Bearman,Ridge,9.0,
87,United States Grand Prix,19,4,Carlos Sainz,Ridge,9.0,
88,Mexico City Grand Prix,20,23,Isack Hadjar,Ridge,9.0,
89,São Paulo Grand Prix,21,26,Oliver Bearman,Ridge,9.0,
90,Las Vegas Grand Prix,22,3,Charles Leclerc,Ridge,9.0,
91,Qatar Grand Prix,23,20,Pierre Gasly,Ridge,9.0,
54,Australian Grand Prix,1,4,Carlos Sainz,Ridge,10.0,18.0
61,Chinese Grand Prix,2,15,Alexander Albon,Ridge,10.0,7.0
55,Japanese Grand Prix,3,26,Oliver Bearman,Ridge,10.0,10.0
56,Bahrain Grand Prix,4,14,Yuki Tsunoda,Ridge,10.0,9.0
57,Saudi Arabian Grand Prix,5,11,Lando Norris,Ridge,10.0,4.0
60,Miami Grand Prix,6,14,Yuki Tsunoda,Ridge,10.0,10.0
58,Emilia Romagna Grand Prix,7,20,Pierre Gasly,Ridge,10.0,13.0
59,Monaco Grand Prix,8,15,Alexander Albon,Ridge,10.0,9.0
77,Spanish Grand Prix,9,5,Fernando Alonso,Ridge,10.0,9.0
78,Canadian Grand Prix,10,15,Alexander Albon,Ridge,10.0,20.0
79,Austrian Grand Prix,11,20,Pierre Gasly,Ridge,10.0,13.0
80,British Grand Prix,12,20,Pierre Gasly,Ridge,10.0,6.0
81,Belgian Grand Prix,13,24,Gabriel Bortoleto,Ridge,10.0,9.0
82,Hungarian Grand Prix,14,23,Isack Hadjar,Ridge,10.0,11.0
83,Dutch Grand Prix,15,5,Fernando Alonso,Ridge,10.0,8.0
84,Italian Grand Prix,16,14,Yuki Tsunoda,Ridge,10.0,
85,Azerbaijan Grand Prix,17,3,Charles Leclerc,Ridge,10.0,
86,Singapore Grand Prix,18,5,Fernando Alonso,Ridge,10.0,
87,United States Grand Prix,19,5,Fernando Alonso,Ridge,10.0,
88,Mexico City Grand Prix,20,26,Oliver Bearman,Ridge,10.0,
89,São Paulo Grand Prix,21,20,Pierre Gasly,Ridge,10.0,
90,Las Vegas Grand Prix,22,20,Pierre Gasly,Ridge,10.0,
91,Qatar Grand Prix,23,3,Charles Leclerc,Ridge,10.0,
54,Australian Grand Prix,1,23,Isack Hadjar,Ridge,11.0,20.0
61,Chinese Grand Prix,2,9,Esteban Ocon,Ridge,11.0,5.0
55,Japanese Grand Prix,3,20,Pierre Gasly,Ridge,11.0,13.0
56,Bahrain Grand Prix,4,28,Jack Doohan,Ridge,11.0,14.0
57,Saudi Arabian Grand Prix,5,15,Alexander Albon,Ridge,11.0,9.0
60,Miami Grand Prix,6,23,Isack Hadjar,Ridge,11.0,11.0
58,Emilia Romagna Grand Prix,7,3,Charles Leclerc,Ridge,11.0,6.0
59,Monaco Grand Prix,8,4,Carlos Sainz,Ridge,11.0,10.0
77,Spanish Grand Prix,9,15,Alexander Albon,Ridge,11.0,19.0
78,Canadian Grand Prix,10,14,Yuki Tsunoda,Ridge,11.0,12.0
79,Austrian Grand Prix,11,5,Fernando Alonso,Ridge,11.0,7.0
80,British Grand Prix,12,4,Carlos Sainz,Ridge,11.0,12.0
81,Belgian Grand Prix,13,9,Esteban Ocon,Ridge,11.0,15.0
82,Hungarian Grand Prix,14,26,Oliver Bearman,Ridge,11.0,20.0
83,Dutch Grand Prix,15,29,Kimi Antonelli,Ridge,11.0,16.0
84,Italian Grand Prix,16,26,Oliver Bearman,Ridge,11.0,
85,Azerbaijan Grand Prix,17,5,Fernando Alonso,Ridge,11.0,
86,Singapore Grand Prix,18,10,Nico Hulkenberg,Ridge,11.0,
87,United States Grand Prix,19,10,Nico Hulkenberg,Ridge,11.0,
88,Mexico City Grand Prix,20,14,Yuki Tsunoda,Ridge,11.0,
89,São Paulo Grand Prix,21,10,Nico Hulkenberg,Ridge,11.0,
90,Las Vegas Grand Prix,22,10,Nico Hulkenberg,Ridge,11.0,
91,Qatar Grand Prix,23,10,Nico Hulkenberg,Ridge,11.0,
54,Australian Grand Prix,1,5,Fernando Alonso,Ridge,12.0,17.0
61,Chinese Grand Prix,2,10,Nico Hulkenberg,Ridge,12.0,15.0
55,Japanese Grand Prix,3,4,Carlos Sainz,Ridge,12.0,14.0
56,Bahrain Grand Prix,4,23,Isack Hadjar,Ridge,12.0,13.0
57,Saudi Arabian Grand Prix,5,25,Liam Lawson,Ridge,12.0,12.0
60,Miami Grand Prix,6,7,Lewis Hamilton,Ridge,12.0,8.0
58,Emilia Romagna Grand Prix,7,7,Lewis Hamilton,Ridge,12.0,4.0
59,Monaco Grand Prix,8,14,Yuki Tsunoda,Ridge,12.0,17.0
77,Spanish Grand Prix,9,24,Gabriel Bortoleto,Ridge,12.0,12.0
78,Canadian Grand Prix,10,27,Franco Colapinto,Ridge,12.0,13.0
79,Austrian Grand Prix,11,15,Alexander Albon,Ridge,12.0,17.0
80,British Grand Prix,12,14,Yuki Tsunoda,Ridge,12.0,15.0
81,Belgian Grand Prix,13,26,Oliver Bearman,Ridge,12.0,11.0
82,Hungarian Grand Prix,14,7,Lewis Hamilton,Ridge,12.0,12.0
83,Dutch Grand Prix,15,14,Yuki Tsunoda,Ridge,12.0,9.0
84,Italian Grand Prix,16,10,Nico Hulkenberg,Ridge,12.0,
85,Azerbaijan Grand Prix,17,7,Lewis Hamilton,Ridge,12.0,
86,Singapore Grand Prix,18,25,Liam Lawson,Ridge,12.0,
87,United States Grand Prix,19,25,Liam Lawson,Ridge,12.0,
88,Mexico City Grand Prix,20,9,Esteban Ocon,Ridge,12.0,
89,São Paulo Grand Prix,21,5,Fernando Alonso,Ridge,12.0,
90,Las Vegas Grand Prix,22,8,Lance Stroll,Ridge,12.0,
91,Qatar Grand Prix,23,25,Liam Lawson,Ridge,12.0,
54,Australian Grand Prix,1,8,Lance Stroll,Ridge,13.0,6.0
61,Chinese Grand Prix,2,5,Fernando Alonso,Ridge,13.0,17.0
55,Japanese Grand Prix,3,5,Fernando Alonso,Ridge,13.0,11.0
56,Bahrain Grand Prix,4,5,Fernando Alonso,Ridge,13.0,15.0
57,Saudi Arabian Grand Prix,5,5,Fernando Alonso,Ridge,13.0,11.0
60,Miami Grand Prix,6,24,Gabriel Bortoleto,Ridge,13.0,18.0
58,Emilia Romagna Grand Prix,7,29,Kimi Antonelli,Ridge,13.0,19.0
59,Monaco Grand Prix,8,10,Nico Hulkenberg,Ridge,13.0,16.0
77,Spanish Grand Prix,9,25,Liam Lawson,Ridge,13.0,11.0
78,Canadian Grand Prix,10,10,Nico Hulkenberg,Ridge,13.0,8.0
79,Austrian Grand Prix,11,23,Isack Hadjar,Ridge,13.0,12.0
80,British Grand Prix,12,23,Isack Hadjar,Ridge,13.0,17.0
81,Belgian Grand Prix,13,20,Pierre Gasly,Ridge,13.0,10.0
82,Hungarian Grand Prix,14,4,Carlos Sainz,Ridge,13.0,14.0
83,Dutch Grand Prix,15,24,Gabriel Bortoleto,Ridge,13.0,15.0
84,Italian Grand Prix,16,4,Carlos Sainz,Ridge,13.0,
85,Azerbaijan Grand Prix,17,24,Gabriel Bortoleto,Ridge,13.0,
86,Singapore Grand Prix,18,14,Yuki Tsunoda,Ridge,13.0,
87,United States Grand Prix,19,14,Yuki Tsunoda,Ridge,13.0,
88,Mexico City Grand Prix,20,10,Nico Hulkenberg,Ridge,13.0,
89,São Paulo Grand Prix,21,15,Alexander Albon,Ridge,13.0,
90,Las Vegas Grand Prix,22,9,Esteban Ocon,Ridge,13.0,
91,Qatar Grand Prix,23,26,Oliver Bearman,Ridge,13.0,
54,Australian Grand Prix,1,28,Jack Doohan,Ridge,14.0,19.0
61,Chinese Grand Prix,2,8,Lance Stroll,Ridge,14.0,9.0
55,Japanese Grand Prix,3,25,Liam Lawson,Ridge,14.0,17.0
56,Bahrain Grand Prix,4,9,Esteban Ocon,Ridge,14.0,8.0
57,Saudi Arabian Grand Prix,5,23,Isack Hadjar,Ridge,14.0,10.0
60,Miami Grand Prix,6,28,Jack Doohan,Ridge,14.0,20.0
58,Emilia Romagna Grand Prix,7,24,Gabriel Bortoleto,Ridge,14.0,18.0
59,Monaco Grand Prix,8,6,George Russell,Ridge,14.0,11.0
77,Spanish Grand Prix,9,8,Lance Stroll,Ridge,14.0,
78,Canadian Grand Prix,10,26,Oliver Bearman,Ridge,14.0,11.0
79,Austrian Grand Prix,11,27,Franco Colapinto,Ridge,14.0,15.0
80,British Grand Prix,12,15,Alexander Albon,Ridge,14.0,8.0
81,Belgian Grand Prix,13,10,Nico Hulkenberg,Ridge,14.0,12.0
82,Hungarian Grand Prix,14,27,Franco Colapinto,Ridge,14.0,18.0
83,Dutch Grand Prix,15,20,Pierre Gasly,Ridge,14.0,17.0
84,Italian Grand Prix,16,15,Alexander Albon,Ridge,14.0,
85,Azerbaijan Grand Prix,17,8,Lance Stroll,Ridge,14.0,
86,Singapore Grand Prix,18,24,Gabriel Bortoleto,Ridge,14.0,
87,United States Grand Prix,19,20,Pierre Gasly,Ridge,14.0,
88,Mexico City Grand Prix,20,5,Fernando Alonso,Ridge,14.0,
89,São Paulo Grand Prix,21,7,Lewis Hamilton,Ridge,14.0,
90,Las Vegas Grand Prix,22,26,Oliver Bearman,Ridge,14.0,
91,Qatar Grand Prix,23,24,Gabriel Bortoleto,Ridge,14.0,
54,Australian Grand Prix,1,24,Gabriel Bortoleto,Ridge,15.0,16.0
61,Chinese Grand Prix,2,4,Carlos Sainz,Ridge,15.0,10.0
55,Japanese Grand Prix,3,14,Yuki Tsunoda,Ridge,15.0,12.0
56,Bahrain Grand Prix,4,15,Alexander Albon,Ridge,15.0,12.0
57,Saudi Arabian Grand Prix,5,26,Oliver Bearman,Ridge,15.0,13.0
60,Miami Grand Prix,6,25,Liam Lawson,Ridge,15.0,17.0
58,Emilia Romagna Grand Prix,7,27,Franco Colapinto,Ridge,15.0,16.0
59,Monaco Grand Prix,8,29,Kimi Antonelli,Ridge,15.0,18.0
77,Spanish Grand Prix,9,26,Oliver Bearman,Ridge,15.0,17.0
78,Canadian Grand Prix,10,9,Esteban Ocon,Ridge,15.0,9.0
79,Austrian Grand Prix,11,26,Oliver Bearman,Ridge,15.0,11.0
80,British Grand Prix,12,9,Esteban Ocon,Ridge,15.0,13.0
81,Belgian Grand Prix,13,4,Carlos Sainz,Ridge,15.0,18.0
82,Hungarian Grand Prix,14,29,Kimi Antonelli,Ridge,15.0,10.0
83,Dutch Grand Prix,15,15,Alexander Albon,Ridge,15.0,5.0
84,Italian Grand Prix,16,9,Esteban Ocon,Ridge,15.0,
85,Azerbaijan Grand Prix,17,26,Oliver Bearman,Ridge,15.0,
86,Singapore Grand Prix,18,8,Lance Stroll,Ridge,15.0,
87,United States Grand Prix,19,27,Franco Colapinto,Ridge,15.0,
88,Mexico City Grand Prix,20,25,Liam Lawson,Ridge,15.0,
89,São Paulo Grand Prix,21,8,Lance Stroll,Ridge,15.0,
90,Las Vegas Grand Prix,22,27,Franco Colapinto,Ridge,15.0,
91,Qatar Grand Prix,23,15,Alexander Albon,Ridge,15.0,
54,Australian Grand Prix,1,29,Kimi Antonelli,Ridge,16.0,4.0
61,Chinese Grand Prix,2,20,Pierre Gasly,Ridge,16.0,20.0
55,Japanese Grand Prix,3,10,Nico Hulkenberg,Ridge,16.0,16.0
56,Bahrain Grand Prix,4,10,Nico Hulkenberg,Ridge,16.0,20.0
57,Saudi Arabian Grand Prix,5,8,Lance Stroll,Ridge,16.0,16.0
60,Miami Grand Prix,6,10,Nico Hulkenberg,Ridge,16.0,14.0
58,Emilia Romagna Grand Prix,7,25,Liam Lawson,Ridge,16.0,14.0
59,Monaco Grand Prix,8,24,Gabriel Bortoleto,Ridge,16.0,14.0
77,Spanish Grand Prix,9,10,Nico Hulkenberg,Ridge,16.0,5.0
78,Canadian Grand Prix,10,24,Gabriel Bortoleto,Ridge,16.0,14.0
79,Austrian Grand Prix,11,8,Lance Stroll,Ridge,16.0,14.0
80,British Grand Prix,12,25,Liam Lawson,Ridge,16.0,19.0
81,Belgian Grand Prix,13,7,Lewis Hamilton,Ridge,16.0,7.0
82,Hungarian Grand Prix,14,14,Yuki Tsunoda,Ridge,16.0,17.0
83,Dutch Grand Prix,15,27,Franco Colapinto,Ridge,16.0,11.0
84,Italian Grand Prix,16,23,Isack Hadjar,Ridge,16.0,
85,Azerbaijan Grand Prix,17,27,Franco Colapinto,Ridge,16.0,
86,Singapore Grand Prix,18,27,Franco Colapinto,Ridge,16.0,
87,United States Grand Prix,19,24,Gabriel Bortoleto,Ridge,16.0,
88,Mexico City Grand Prix,20,24,Gabriel Bortoleto,Ridge,16.0,
89,São Paulo Grand Prix,21,4,Carlos Sainz,Ridge,16.0,
90,Las Vegas Grand Prix,22,15,Alexander Albon,Ridge,16.0,
91,Qatar Grand Prix,23,14,Yuki Tsunoda,Ridge,16.0,
54,Australian Grand Prix,1,10,Nico Hulkenberg,Ridge,17.0,7.0
61,Chinese Grand Prix,2,26,Oliver Bearman,Ridge,17.0,8.0
55,Japanese Grand Prix,3,24,Gabriel Bortoleto,Ridge,17.0,19.0
56,Bahrain Grand Prix,4,25,Liam Lawson,Ridge,17.0,16.0
57,Saudi Arabian Grand Prix,5,28,Jack Doohan,Ridge,17.0,17.0
60,Miami Grand Prix,6,5,Fernando Alonso,Ridge,17.0,15.0
58,Emilia Romagna Grand Prix,7,10,Nico Hulkenberg,Ridge,17.0,12.0
59,Monaco Grand Prix,8,26,Oliver Bearman,Ridge,17.0,12.0
77,Spanish Grand Prix,9,9,Esteban Ocon,Ridge,17.0,16.0
78,Canadian Grand Prix,10,4,Carlos Sainz,Ridge,17.0,10.0
79,Austrian Grand Prix,11,9,Esteban Ocon,Ridge,17.0,10.0
80,British Grand Prix,12,24,Gabriel Bortoleto,Ridge,17.0,18.0
81,Belgian Grand Prix,13,27,Franco Colapinto,Ridge,17.0,19.0
82,Hungarian Grand Prix,14,20,Pierre Gasly,Ridge,17.0,19.0
83,Dutch Grand Prix,15,10,Nico Hulkenberg,Ridge,17.0,14.0
84,Italian Grand Prix,16,8,Lance Stroll,Ridge,17.0,
85,Azerbaijan Grand Prix,17,10,Nico Hulkenberg,Ridge,17.0,
86,Singapore Grand Prix,18,9,Esteban Ocon,Ridge,17.0,
87,United States Grand Prix,19,9,Esteban Ocon,Ridge,17.0,
88,Mexico City Grand Prix,20,15,Alexander Albon,Ridge,17.0,
89,São Paulo Grand Prix,21,1,Max Verstappen,Ridge,17.0,
90,Las Vegas Grand Prix,22,29,Kimi Antonelli,Ridge,17.0,
91,Qatar Grand Prix,23,9,Esteban Ocon,Ridge,17.0,
54,Australian Grand Prix,1,25,Liam Lawson,Ridge,18.0,15.0
61,Chinese Grand Prix,2,28,Jack Doohan,Ridge,18.0,13.0
55,Japanese Grand Prix,3,9,Esteban Ocon,Ridge,18.0,18.0
56,Bahrain Grand Prix,4,24,Gabriel Bortoleto,Ridge,18.0,18.0
57,Saudi Arabian Grand Prix,5,10,Nico Hulkenberg,Ridge,18.0,15.0
60,Miami Grand Prix,6,20,Pierre Gasly,Ridge,18.0,13.0
58,Emilia Romagna Grand Prix,7,9,Esteban Ocon,Ridge,18.0,20.0
59,Monaco Grand Prix,8,20,Pierre Gasly,Ridge,18.0,20.0
77,Spanish Grand Prix,9,4,Carlos Sainz,Ridge,18.0,14.0
78,Canadian Grand Prix,10,8,Lance Stroll,Ridge,18.0,17.0
79,Austrian Grand Prix,11,14,Yuki Tsunoda,Ridge,18.0,16.0
80,British Grand Prix,12,8,Lance Stroll,Ridge,18.0,7.0
81,Belgian Grand Prix,13,29,Kimi Antonelli,Ridge,18.0,16.0
82,Hungarian Grand Prix,14,9,Esteban Ocon,Ridge,18.0,16.0
83,Dutch Grand Prix,15,9,Esteban Ocon,Ridge,18.0,10.0
84,Italian Grand Prix,16,27,Franco Colapinto,Ridge,18.0,
85,Azerbaijan Grand Prix,17,20,Pierre Gasly,Ridge,18.0,
86,Singapore Grand Prix,18,20,Pierre Gasly,Ridge,18.0,
87,United States Grand Prix,19,8,Lance Stroll,Ridge,18.0,
88,Mexico City Grand Prix,20,20,Pierre Gasly,Ridge,18.0,
89,São Paulo Grand Prix,21,9,Esteban Ocon,Ridge,18.0,
90,Las Vegas Grand Prix,22,24,Gabriel Bortoleto,Ridge,18.0,
91,Qatar Grand Prix,23,7,Lewis Hamilton,Ridge,18.0,
54,Australian Grand Prix,1,9,Esteban Ocon,Ridge,19.0,13.0
61,Chinese Grand Prix,2,24,Gabriel Bortoleto,Ridge,19.0,14.0
55,Japanese Grand Prix,3,28,Jack Doohan,Ridge,19.0,15.0
56,Bahrain Grand Prix,4,8,Lance Stroll,Ridge,19.0,17.0
57,Saudi Arabian Grand Prix,5,9,Esteban Ocon,Ridge,19.0,14.0
60,Miami Grand Prix,6,8,Lance Stroll,Ridge,19.0,16.0
58,Emilia Romagna Grand Prix,7,26,Oliver Bearman,Ridge,19.0,17.0
59,Monaco Grand Prix,8,8,Lance Stroll,Ridge,19.0,15.0
77,Spanish Grand Prix,9,27,Franco Colapinto,Ridge,19.0,15.0
78,Canadian Grand Prix,10,25,Liam Lawson,Ridge,19.0,19.0
79,Austrian Grand Prix,11,4,Carlos Sainz,Ridge,19.0,20.0
80,British Grand Prix,12,10,Nico Hulkenberg,Ridge,19.0,3.0
81,Belgian Grand Prix,13,5,Fernando Alonso,Ridge,19.0,17.0
82,Hungarian Grand Prix,14,10,Nico Hulkenberg,Ridge,19.0,13.0
83,Dutch Grand Prix,15,26,Oliver Bearman,Ridge,19.0,6.0
84,Italian Grand Prix,16,20,Pierre Gasly,Ridge,19.0,
85,Azerbaijan Grand Prix,17,15,Alexander Albon,Ridge,19.0,
86,Singapore Grand Prix,18,15,Alexander Albon,Ridge,19.0,
87,United States Grand Prix,19,15,Alexander Albon,Ridge,19.0,
88,Mexico City Grand Prix,20,8,Lance Stroll,Ridge,19.0,
89,São Paulo Grand Prix,21,27,Franco Colapinto,Ridge,19.0,
90,Las Vegas Grand Prix,22,14,Yuki Tsunoda,Ridge,19.0,
91,Qatar Grand Prix,23,8,Lance Stroll,Ridge,19.0,
54,Australian Grand Prix,1,26,Oliver Bearman,Ridge,20.0,14.0
61,Chinese Grand Prix,2,25,Liam Lawson,Ridge,20.0,12.0
55,Japanese Grand Prix,3,8,Lance Stroll,Ridge,20.0,20.0
56,Bahrain Grand Prix,4,26,Oliver Bearman,Ridge,20.0,10.0
57,Saudi Arabian Grand Prix,5,24,Gabriel Bortoleto,Ridge,20.0,18.0
60,Miami Grand Prix,6,26,Oliver Bearman,Ridge,20.0,19.0
58,Emilia Romagna Grand Prix,7,14,Yuki Tsunoda,Ridge,20.0,10.0
59,Monaco Grand Prix,8,27,Franco Colapinto,Ridge,20.0,13.0
77,Spanish Grand Prix,9,14,Yuki Tsunoda,Ridge,20.0,13.0
78,Canadian Grand Prix,10,20,Pierre Gasly,Ridge,20.0,15.0
79,Austrian Grand Prix,11,10,Nico Hulkenberg,Ridge,20.0,9.0
80,British Grand Prix,12,27,Franco Colapinto,Ridge,20.0,20.0
81,Belgian Grand Prix,13,8,Lance Stroll,Ridge,20.0,14.0
82,Hungarian Grand Prix,14,15,Alexander Albon,Ridge,20.0,15.0
83,Dutch Grand Prix,15,8,Lance Stroll,Ridge,20.0,7.0
84,Italian Grand Prix,16,25,Liam Lawson,Ridge,20.0,
85,Azerbaijan Grand Prix,17,9,Esteban Ocon,Ridge,20.0,
86,Singapore Grand Prix,18,4,Carlos Sainz,Ridge,20.0,
87,United States Grand Prix,19,23,Isack Hadjar,Ridge,20.0,
88,Mexico City Grand Prix,20,27,Franco Colapinto,Ridge,20.0,
89,São Paulo Grand Prix,21,14,Yuki Tsunoda,Ridge,20.0,
90,Las Vegas Grand Prix,22,7,Lewis Hamilton,Ridge,20.0,
91,Qatar Grand Prix,23,27,Franco Colapinto,Ridge,20.0,
54,Australian Grand Prix,1,11,Lando Norris,XGBoost,1.0,1.0
54,Australian Grand Prix,1,18,Oscar Piastri,XGBoost,2.0,9.0
54,Australian Grand Prix,1,1,Max Verstappen,XGBoost,3.0,2.0
54,Australian Grand Prix,1,6,George Russell,XGBoost,4.0,3.0
54,Australian Grand Prix,1,14,Yuki Tsunoda,XGBoost,5.0,12.0
54,Australian Grand Prix,1,15,Alexander Albon,XGBoost,6.0,5.0
54,Australian Grand Prix,1,3,Charles Leclerc,XGBoost,7.0,8.0
54,Australian Grand Prix,1,7,Lewis Hamilton,XGBoost,8.0,10.0
54,Australian Grand Prix,1,20,Pierre Gasly,XGBoost,9.0,11.0
54,Australian Grand Prix,1,4,Carlos Sainz,XGBoost,10.0,18.0
54,Australian Grand Prix,1,23,Isack Hadjar,XGBoost,11.0,20.0
54,Australian Grand Prix,1,5,Fernando Alonso,XGBoost,12.0,17.0
54,Australian Grand Prix,1,8,Lance Stroll,XGBoost,13.0,6.0
54,Australian Grand Prix,1,28,Jack Doohan,XGBoost,14.0,19.0
54,Australian Grand Prix,1,24,Gabriel Bortoleto,XGBoost,15.0,16.0
54,Australian Grand Prix,1,29,Kimi Antonelli,XGBoost,16.0,4.0
54,Australian Grand Prix,1,10,Nico Hulkenberg,XGBoost,17.0,7.0
54,Australian Grand Prix,1,25,Liam Lawson,XGBoost,18.0,15.0
54,Australian Grand Prix,1,9,Esteban Ocon,XGBoost,19.0,13.0
54,Australian Grand Prix,1,26,Oliver Bearman,XGBoost,20.0,14.0
55,Japanese Grand Prix,3,1,Max Verstappen,XGBoost,1.0,1.0
55,Japanese Grand Prix,3,11,Lando Norris,XGBoost,2.0,2.0
55,Japanese Grand Prix,3,18,Oscar Piastri,XGBoost,3.0,3.0
55,Japanese Grand Prix,3,3,Charles Leclerc,XGBoost,4.0,4.0
55,Japanese Grand Prix,3,6,George Russell,XGBoost,5.0,5.0
55,Japanese Grand Prix,3,29,Kimi Antonelli,XGBoost,6.0,6.0
55,Japanese Grand Prix,3,23,Isack Hadjar,XGBoost,7.0,8.0
55,Japanese Grand Prix,3,7,Lewis Hamilton,XGBoost,8.0,7.0
55,Japanese Grand Prix,3,15,Alexander Albon,XGBoost,9.0,9.0
55,Japanese Grand Prix,3,26,Oliver Bearman,XGBoost,10.0,10.0
55,Japanese Grand Prix,3,20,Pierre Gasly,XGBoost,11.0,13.0
55,Japanese Grand Prix,3,4,Carlos Sainz,XGBoost,12.0,14.0
55,Japanese Grand Prix,3,5,Fernando Alonso,XGBoost,13.0,11.0
55,Japanese Grand Prix,3,25,Liam Lawson,XGBoost,14.0,17.0
55,Japanese Grand Prix,3,14,Yuki Tsunoda,XGBoost,15.0,12.0
55,Japanese Grand Prix,3,10,Nico Hulkenberg,XGBoost,16.0,16.0
55,Japanese Grand Prix,3,24,Gabriel Bortoleto,XGBoost,17.0,19.0
55,Japanese Grand Prix,3,9,Esteban Ocon,XGBoost,18.0,18.0
55,Japanese Grand Prix,3,28,Jack Doohan,XGBoost,19.0,15.0
55,Japanese Grand Prix,3,8,Lance Stroll,XGBoost,20.0,20.0
61,Chinese Grand Prix,2,18,Oscar Piastri,XGBoost,1.0,1.0
61,Chinese Grand Prix,2,6,George Russell,XGBoost,2.0,3.0
61,Chinese Grand Prix,2,11,Lando Norris,XGBoost,3.0,2.0
61,Chinese Grand Prix,2,1,Max Verstappen,XGBoost,4.0,4.0
61,Chinese Grand Prix,2,7,Lewis Hamilton,XGBoost,5.0,19.0
61,Chinese Grand Prix,2,3,Charles Leclerc,XGBoost,6.0,18.0
61,Chinese Grand Prix,2,23,Isack Hadjar,XGBoost,7.0,11.0
61,Chinese Grand Prix,2,29,Kimi Antonelli,XGBoost,8.0,6.0
61,Chinese Grand Prix,2,14,Yuki Tsunoda,XGBoost,9.0,16.0
61,Chinese Grand Prix,2,15,Alexander Albon,XGBoost,10.0,7.0
61,Chinese Grand Prix,2,9,Esteban Ocon,XGBoost,11.0,5.0
61,Chinese Grand Prix,2,10,Nico Hulkenberg,XGBoost,12.0,15.0
61,Chinese Grand Prix,2,5,Fernando Alonso,XGBoost,13.0,17.0
61,Chinese Grand Prix,2,8,Lance Stroll,XGBoost,14.0,9.0
61,Chinese Grand Prix,2,4,Carlos Sainz,XGBoost,15.0,10.0
61,Chinese Grand Prix,2,20,Pierre Gasly,XGBoost,16.0,20.0
61,Chinese Grand Prix,2,26,Oliver Bearman,XGBoost,17.0,8.0
61,Chinese Grand Prix,2,28,Jack Doohan,XGBoost,18.0,13.0
61,Chinese Grand Prix,2,24,Gabriel Bortoleto,XGBoost,19.0,14.0
61,Chinese Grand Prix,2,25,Liam Lawson,XGBoost,20.0,12.0
57,Saudi Arabian Grand Prix,5,1,Max Verstappen,XGBoost,1.0,2.0
57,Saudi Arabian Grand Prix,5,18,Oscar Piastri,XGBoost,2.0,1.0
57,Saudi Arabian Grand Prix,5,6,George Russell,XGBoost,3.0,5.0
57,Saudi Arabian Grand Prix,5,3,Charles Leclerc,XGBoost,4.0,3.0
57,Saudi Arabian Grand Prix,5,29,Kimi Antonelli,XGBoost,5.0,6.0
57,Saudi Arabian Grand Prix,5,4,Carlos Sainz,XGBoost,6.0,8.0
57,Saudi Arabian Grand Prix,5,7,Lewis Hamilton,XGBoost,7.0,7.0
57,Saudi Arabian Grand Prix,5,14,Yuki Tsunoda,XGBoost,8.0,19.0
57,Saudi Arabian Grand Prix,5,20,Pierre Gasly,XGBoost,9.0,20.0
57,Saudi Arabian Grand Prix,5,11,Lando Norris,XGBoost,10.0,4.0
57,Saudi Arabian Grand Prix,5,15,Alexander Albon,XGBoost,11.0,9.0
57,Saudi Arabian Grand Prix,5,5,Fernando Alonso,XGBoost,12.0,11.0
57,Saudi Arabian Grand Prix,5,25,Liam Lawson,XGBoost,13.0,12.0
57,Saudi Arabian Grand Prix,5,23,Isack Hadjar,XGBoost,14.0,10.0
57,Saudi Arabian Grand Prix,5,26,Oliver Bearman,XGBoost,15.0,13.0
57,Saudi Arabian Grand Prix,5,8,Lance Stroll,XGBoost,16.0,16.0
57,Saudi Arabian Grand Prix,5,28,Jack Doohan,XGBoost,17.0,17.0
57,Saudi Arabian Grand Prix,5,10,Nico Hulkenberg,XGBoost,18.0,15.0
57,Saudi Arabian Grand Prix,5,9,Esteban Ocon,XGBoost,19.0,14.0
57,Saudi Arabian Grand Prix,5,24,Gabriel Bortoleto,XGBoost,20.0,18.0
56,Bahrain Grand Prix,4,18,Oscar Piastri,XGBoost,1.0,1.0
56,Bahrain Grand Prix,4,6,George Russell,XGBoost,2.0,2.0
56,Bahrain Grand Prix,4,3,Charles Leclerc,XGBoost,3.0,4.0
56,Bahrain Grand Prix,4,29,Kimi Antonelli,XGBoost,4.0,11.0
56,Bahrain Grand Prix,4,20,Pierre Gasly,XGBoost,5.0,7.0
56,Bahrain Grand Prix,4,11,Lando Norris,XGBoost,6.0,3.0
56,Bahrain Grand Prix,4,1,Max Verstappen,XGBoost,7.0,6.0
56,Bahrain Grand Prix,4,4,Carlos Sainz,XGBoost,8.0,19.0
56,Bahrain Grand Prix,4,7,Lewis Hamilton,XGBoost,9.0,5.0
56,Bahrain Grand Prix,4,14,Yuki Tsunoda,XGBoost,10.0,9.0
56,Bahrain Grand Prix,4,28,Jack Doohan,XGBoost,11.0,14.0
56,Bahrain Grand Prix,4,5,Fernando Alonso,XGBoost,12.0,15.0
56,Bahrain Grand Prix,4,23,Isack Hadjar,XGBoost,13.0,13.0
56,Bahrain Grand Prix,4,9,Esteban Ocon,XGBoost,14.0,8.0
56,Bahrain Grand Prix,4,15,Alexander Albon,XGBoost,15.0,12.0
56,Bahrain Grand Prix,4,10,Nico Hulkenberg,XGBoost,16.0,20.0
56,Bahrain Grand Prix,4,25,Liam Lawson,XGBoost,17.0,16.0
56,Bahrain Grand Prix,4,24,Gabriel Bortoleto,XGBoost,18.0,18.0
56,Bahrain Grand Prix,4,8,Lance Stroll,XGBoost,19.0,17.0
56,Bahrain Grand Prix,4,26,Oliver Bearman,XGBoost,20.0,10.0
60,Miami Grand Prix,6,1,Max Verstappen,XGBoost,1.0,4.0
60,Miami Grand Prix,6,11,Lando Norris,XGBoost,2.0,2.0
60,Miami Grand Prix,6,29,Kimi Antonelli,XGBoost,3.0,6.0
60,Miami Grand Prix,6,18,Oscar Piastri,XGBoost,4.0,1.0
60,Miami Grand Prix,6,6,George Russell,XGBoost,5.0,3.0
60,Miami Grand Prix,6,4,Carlos Sainz,XGBoost,6.0,9.0
60,Miami Grand Prix,6,15,Alexander Albon,XGBoost,7.0,5.0
60,Miami Grand Prix,6,3,Charles Leclerc,XGBoost,8.0,7.0
60,Miami Grand Prix,6,9,Esteban Ocon,XGBoost,9.0,12.0
60,Miami Grand Prix,6,14,Yuki Tsunoda,XGBoost,10.0,10.0
60,Miami Grand Prix,6,23,Isack Hadjar,XGBoost,11.0,11.0
60,Miami Grand Prix,6,7,Lewis Hamilton,XGBoost,12.0,8.0
60,Miami Grand Prix,6,24,Gabriel Bortoleto,XGBoost,13.0,18.0
60,Miami Grand Prix,6,28,Jack Doohan,XGBoost,14.0,20.0
60,Miami Grand Prix,6,25,Liam Lawson,XGBoost,15.0,17.0
60,Miami Grand Prix,6,10,Nico Hulkenberg,XGBoost,16.0,14.0
60,Miami Grand Prix,6,5,Fernando Alonso,XGBoost,17.0,15.0
60,Miami Grand Prix,6,20,Pierre Gasly,XGBoost,18.0,13.0
60,Miami Grand Prix,6,8,Lance Stroll,XGBoost,19.0,16.0
60,Miami Grand Prix,6,26,Oliver Bearman,XGBoost,20.0,19.0
58,Emilia Romagna Grand Prix,7,18,Oscar Piastri,XGBoost,1.0,3.0
58,Emilia Romagna Grand Prix,7,1,Max Verstappen,XGBoost,2.0,1.0
58,Emilia Romagna Grand Prix,7,6,George Russell,XGBoost,3.0,7.0
58,Emilia Romagna Grand Prix,7,11,Lando Norris,XGBoost,4.0,2.0
58,Emilia Romagna Grand Prix,7,5,Fernando Alonso,XGBoost,5.0,11.0
58,Emilia Romagna Grand Prix,7,4,Carlos Sainz,XGBoost,6.0,8.0
58,Emilia Romagna Grand Prix,7,15,Alexander Albon,XGBoost,7.0,5.0
58,Emilia Romagna Grand Prix,7,8,Lance Stroll,XGBoost,8.0,15.0
58,Emilia Romagna Grand Prix,7,23,Isack Hadjar,XGBoost,9.0,9.0
58,Emilia Romagna Grand Prix,7,20,Pierre Gasly,XGBoost,10.0,13.0
58,Emilia Romagna Grand Prix,7,3,Charles Leclerc,XGBoost,11.0,6.0
58,Emilia Romagna Grand Prix,7,7,Lewis Hamilton,XGBoost,12.0,4.0
58,Emilia Romagna Grand Prix,7,29,Kimi Antonelli,XGBoost,13.0,19.0
58,Emilia Romagna Grand Prix,7,24,Gabriel Bortoleto,XGBoost,14.0,18.0
58,Emilia Romagna Grand Prix,7,27,Franco Colapinto,XGBoost,15.0,16.0
58,Emilia Romagna Grand Prix,7,25,Liam Lawson,XGBoost,16.0,14.0
58,Emilia Romagna Grand Prix,7,10,Nico Hulkenberg,XGBoost,17.0,12.0
58,Emilia Romagna Grand Prix,7,9,Esteban Ocon,XGBoost,18.0,20.0
58,Emilia Romagna Grand Prix,7,26,Oliver Bearman,XGBoost,19.0,17.0
58,Emilia Romagna Grand Prix,7,14,Yuki Tsunoda,XGBoost,20.0,10.0
59,Monaco Grand Prix,8,11,Lando Norris,XGBoost,1.0,1.0
59,Monaco Grand Prix,8,3,Charles Leclerc,XGBoost,2.0,2.0
59,Monaco Grand Prix,8,18,Oscar Piastri,XGBoost,3.0,3.0
59,Monaco Grand Prix,8,7,Lewis Hamilton,XGBoost,4.0,5.0
59,Monaco Grand Prix,8,1,Max Verstappen,XGBoost,5.0,4.0
59,Monaco Grand Prix,8,5,Fernando Alonso,XGBoost,6.0,19.0
59,Monaco Grand Prix,8,23,Isack Hadjar,XGBoost,7.0,6.0
59,Monaco Grand Prix,8,9,Esteban Ocon,XGBoost,8.0,7.0
59,Monaco Grand Prix,8,25,Liam Lawson,XGBoost,9.0,8.0
59,Monaco Grand Prix,8,15,Alexander Albon,XGBoost,10.0,9.0
59,Monaco Grand Prix,8,4,Carlos Sainz,XGBoost,11.0,10.0
59,Monaco Grand Prix,8,14,Yuki Tsunoda,XGBoost,12.0,17.0
59,Monaco Grand Prix,8,10,Nico Hulkenberg,XGBoost,13.0,16.0
59,Monaco Grand Prix,8,6,George Russell,XGBoost,14.0,11.0
59,Monaco Grand Prix,8,29,Kimi Antonelli,XGBoost,15.0,18.0
59,Monaco Grand Prix,8,24,Gabriel Bortoleto,XGBoost,16.0,14.0
59,Monaco Grand Prix,8,26,Oliver Bearman,XGBoost,17.0,12.0
59,Monaco Grand Prix,8,20,Pierre Gasly,XGBoost,18.0,20.0
59,Monaco Grand Prix,8,8,Lance Stroll,XGBoost,19.0,15.0
59,Monaco Grand Prix,8,27,Franco Colapinto,XGBoost,20.0,13.0
77,Spanish Grand Prix,9,18,Oscar Piastri,XGBoost,1.0,1.0
77,Spanish Grand Prix,9,11,Lando Norris,XGBoost,2.0,2.0
77,Spanish Grand Prix,9,1,Max Verstappen,XGBoost,3.0,10.0
77,Spanish Grand Prix,9,6,George Russell,XGBoost,4.0,4.0
77,Spanish Grand Prix,9,7,Lewis Hamilton,XGBoost,5.0,6.0
77,Spanish Grand Prix,9,29,Kimi Antonelli,XGBoost,6.0,18.0
77,Spanish Grand Prix,9,3,Charles Leclerc,XGBoost,7.0,3.0
77,Spanish Grand Prix,9,20,Pierre Gasly,XGBoost,8.0,8.0
77,Spanish Grand Prix,9,23,Isack Hadjar,XGBoost,9.0,7.0
77,Spanish Grand Prix,9,5,Fernando Alonso,XGBoost,10.0,9.0
77,Spanish Grand Prix,9,15,Alexander Albon,XGBoost,11.0,19.0
77,Spanish Grand Prix,9,24,Gabriel Bortoleto,XGBoost,12.0,12.0
77,Spanish Grand Prix,9,25,Liam Lawson,XGBoost,13.0,11.0
77,Spanish Grand Prix,9,8,Lance Stroll,XGBoost,14.0,
77,Spanish Grand Prix,9,26,Oliver Bearman,XGBoost,15.0,17.0
77,Spanish Grand Prix,9,10,Nico Hulkenberg,XGBoost,16.0,5.0
77,Spanish Grand Prix,9,9,Esteban Ocon,XGBoost,17.0,16.0
77,Spanish Grand Prix,9,4,Carlos Sainz,XGBoost,18.0,14.0
77,Spanish Grand Prix,9,27,Franco Colapinto,XGBoost,19.0,15.0
77,Spanish Grand Prix,9,14,Yuki Tsunoda,XGBoost,20.0,13.0
78,Canadian Grand Prix,10,6,George Russell,XGBoost,1.0,1.0
78,Canadian Grand Prix,10,1,Max Verstappen,XGBoost,2.0,2.0
78,Canadian Grand Prix,10,18,Oscar Piastri,XGBoost,3.0,4.0
78,Canadian Grand Prix,10,29,Kimi Antonelli,XGBoost,4.0,3.0
78,Canadian Grand Prix,10,7,Lewis Hamilton,XGBoost,5.0,6.0
78,Canadian Grand Prix,10,5,Fernando Alonso,XGBoost,6.0,7.0
78,Canadian Grand Prix,10,11,Lando Norris,XGBoost,7.0,18.0
78,Canadian Grand Prix,10,3,Charles Leclerc,XGBoost,8.0,5.0
78,Canadian Grand Prix,10,23,Isack Hadjar,XGBoost,9.0,16.0
78,Canadian Grand Prix,10,15,Alexander Albon,XGBoost,10.0,20.0
78,Canadian Grand Prix,10,14,Yuki Tsunoda,XGBoost,11.0,12.0
78,Canadian Grand Prix,10,27,Franco Colapinto,XGBoost,12.0,13.0
78,Canadian Grand Prix,10,10,Nico Hulkenberg,XGBoost,13.0,8.0
78,Canadian Grand Prix,10,26,Oliver Bearman,XGBoost,14.0,11.0
78,Canadian Grand Prix,10,9,Esteban Ocon,XGBoost,15.0,9.0
78,Canadian Grand Prix,10,4,Carlos Sainz,XGBoost,16.0,10.0
78,Canadian Grand Prix,10,24,Gabriel Bortoleto,XGBoost,17.0,14.0
78,Canadian Grand Prix,10,8,Lance Stroll,XGBoost,18.0,17.0
78,Canadian Grand Prix,10,25,Liam Lawson,XGBoost,19.0,19.0
78,Canadian Grand Prix,10,20,Pierre Gasly,XGBoost,20.0,15.0
79,Austrian Grand Prix,11,11,Lando Norris,XGBoost,1.0,1.0
79,Austrian Grand Prix,11,3,Charles Leclerc,XGBoost,2.0,3.0
79,Austrian Grand Prix,11,18,Oscar Piastri,XGBoost,3.0,2.0
79,Austrian Grand Prix,11,7,Lewis Hamilton,XGBoost,4.0,4.0
79,Austrian Grand Prix,11,6,George Russell,XGBoost,5.0,5.0
79,Austrian Grand Prix,11,1,Max Verstappen,XGBoost,6.0,18.0
79,Austrian Grand Prix,11,25,Liam Lawson,XGBoost,7.0,6.0
79,Austrian Grand Prix,11,24,Gabriel Bortoleto,XGBoost,8.0,8.0
79,Austrian Grand Prix,11,29,Kimi Antonelli,XGBoost,9.0,19.0
79,Austrian Grand Prix,11,20,Pierre Gasly,XGBoost,10.0,13.0
79,Austrian Grand Prix,11,5,Fernando Alonso,XGBoost,11.0,7.0
79,Austrian Grand Prix,11,15,Alexander Albon,XGBoost,12.0,17.0
79,Austrian Grand Prix,11,23,Isack Hadjar,XGBoost,13.0,12.0
79,Austrian Grand Prix,11,27,Franco Colapinto,XGBoost,14.0,15.0
79,Austrian Grand Prix,11,26,Oliver Bearman,XGBoost,15.0,11.0
79,Austrian Grand Prix,11,8,Lance Stroll,XGBoost,16.0,14.0
79,Austrian Grand Prix,11,9,Esteban Ocon,XGBoost,17.0,10.0
79,Austrian Grand Prix,11,4,Carlos Sainz,XGBoost,18.0,20.0
79,Austrian Grand Prix,11,14,Yuki Tsunoda,XGBoost,19.0,16.0
79,Austrian Grand Prix,11,10,Nico Hulkenberg,XGBoost,20.0,9.0
80,British Grand Prix,12,1,Max Verstappen,XGBoost,1.0,5.0
80,British Grand Prix,12,18,Oscar Piastri,XGBoost,1.0,2.0
80,British Grand Prix,12,11,Lando Norris,XGBoost,1.0,1.0
80,British Grand Prix,12,6,George Russell,XGBoost,3.0,10.0
80,British Grand Prix,12,7,Lewis Hamilton,XGBoost,3.0,4.0
80,British Grand Prix,12,3,Charles Leclerc,XGBoost,5.0,14.0
80,British Grand Prix,12,29,Kimi Antonelli,XGBoost,6.0,16.0
80,British Grand Prix,12,26,Oliver Bearman,XGBoost,8.0,11.0
80,British Grand Prix,12,5,Fernando Alonso,XGBoost,8.0,9.0
80,British Grand Prix,12,20,Pierre Gasly,XGBoost,9.0,6.0
80,British Grand Prix,12,4,Carlos Sainz,XGBoost,9.0,12.0
80,British Grand Prix,12,14,Yuki Tsunoda,XGBoost,12.0,15.0
80,British Grand Prix,12,23,Isack Hadjar,XGBoost,13.0,17.0
80,British Grand Prix,12,15,Alexander Albon,XGBoost,13.0,8.0
80,British Grand Prix,12,9,Esteban Ocon,XGBoost,14.0,13.0
80,British Grand Prix,12,25,Liam Lawson,XGBoost,16.0,19.0
80,British Grand Prix,12,24,Gabriel Bortoleto,XGBoost,17.0,18.0
80,British Grand Prix,12,10,Nico Hulkenberg,XGBoost,17.0,3.0
80,British Grand Prix,12,8,Lance Stroll,XGBoost,18.0,7.0
80,British Grand Prix,12,27,Franco Colapinto,XGBoost,20.0,20.0
81,Belgian Grand Prix,13,11,Lando Norris,XGBoost,1.0,2.0
81,Belgian Grand Prix,13,18,Oscar Piastri,XGBoost,2.0,1.0
81,Belgian Grand Prix,13,3,Charles Leclerc,XGBoost,3.0,3.0
81,Belgian Grand Prix,13,1,Max Verstappen,XGBoost,4.0,4.0
81,Belgian Grand Prix,13,15,Alexander Albon,XGBoost,5.0,6.0
81,Belgian Grand Prix,13,6,George Russell,XGBoost,6.0,5.0
81,Belgian Grand Prix,13,14,Yuki Tsunoda,XGBoost,7.0,13.0
81,Belgian Grand Prix,13,23,Isack Hadjar,XGBoost,8.0,20.0
81,Belgian Grand Prix,13,25,Liam Lawson,XGBoost,9.0,8.0
81,Belgian Grand Prix,13,24,Gabriel Bortoleto,XGBoost,10.0,9.0
81,Belgian Grand Prix,13,9,Esteban Ocon,XGBoost,11.0,15.0
81,Belgian Grand Prix,13,26,Oliver Bearman,XGBoost,12.0,11.0
81,Belgian Grand Prix,13,20,Pierre Gasly,XGBoost,13.0,10.0
81,Belgian Grand Prix,13,10,Nico Hulkenberg,XGBoost,14.0,12.0
81,Belgian Grand Prix,13,4,Carlos Sainz,XGBoost,15.0,18.0
81,Belgian Grand Prix,13,7,Lewis Hamilton,XGBoost,16.0,7.0
81,Belgian Grand Prix,13,27,Franco Colapinto,XGBoost,17.0,19.0
81,Belgian Grand Prix,13,29,Kimi Antonelli,XGBoost,18.0,16.0
81,Belgian Grand Prix,13,5,Fernando Alonso,XGBoost,19.0,17.0
81,Belgian Grand Prix,13,8,Lance Stroll,XGBoost,20.0,14.0
82,Hungarian Grand Prix,14,3,Charles Leclerc,XGBoost,1.0,4.0
82,Hungarian Grand Prix,14,18,Oscar Piastri,XGBoost,2.0,2.0
82,Hungarian Grand Prix,14,11,Lando Norris,XGBoost,3.0,1.0
82,Hungarian Grand Prix,14,6,George Russell,XGBoost,4.0,3.0
82,Hungarian Grand Prix,14,5,Fernando Alonso,XGBoost,5.0,5.0
82,Hungarian Grand Prix,14,8,Lance Stroll,XGBoost,6.0,7.0
82,Hungarian Grand Prix,14,24,Gabriel Bortoleto,XGBoost,7.0,6.0
82,Hungarian Grand Prix,14,1,Max Verstappen,XGBoost,8.0,9.0
82,Hungarian Grand Prix,14,25,Liam Lawson,XGBoost,9.0,8.0
82,Hungarian Grand Prix,14,23,Isack Hadjar,XGBoost,10.0,11.0
82,Hungarian Grand Prix,14,26,Oliver Bearman,XGBoost,11.0,20.0
82,Hungarian Grand Prix,14,7,Lewis Hamilton,XGBoost,12.0,12.0
82,Hungarian Grand Prix,14,4,Carlos Sainz,XGBoost,13.0,14.0
82,Hungarian Grand Prix,14,27,Franco Colapinto,XGBoost,14.0,18.0
82,Hungarian Grand Prix,14,29,Kimi Antonelli,XGBoost,15.0,10.0
82,Hungarian Grand Prix,14,14,Yuki Tsunoda,XGBoost,16.0,17.0
82,Hungarian Grand Prix,14,20,Pierre Gasly,XGBoost,17.0,19.0
82,Hungarian Grand Prix,14,9,Esteban Ocon,XGBoost,18.0,16.0
82,Hungarian Grand Prix,14,10,Nico Hulkenberg,XGBoost,19.0,13.0
82,Hungarian Grand Prix,14,15,Alexander Albon,XGBoost,20.0,15.0
83,Dutch Grand Prix,15,18,Oscar Piastri,XGBoost,1.0,1.0
83,Dutch Grand Prix,15,11,Lando Norris,XGBoost,2.0,18.0
83,Dutch Grand Prix,15,1,Max Verstappen,XGBoost,3.0,2.0
83,Dutch Grand Prix,15,23,Isack Hadjar,XGBoost,4.0,3.0
83,Dutch Grand Prix,15,6,George Russell,XGBoost,5.0,4.0
83,Dutch Grand Prix,15,3,Charles Leclerc,XGBoost,6.0,19.0
83,Dutch Grand Prix,15,7,Lewis Hamilton,XGBoost,7.0,20.0
83,Dutch Grand Prix,15,25,Liam Lawson,XGBoost,8.0,12.0
83,Dutch Grand Prix,15,4,Carlos Sainz,XGBoost,9.0,13.0
83,Dutch Grand Prix,15,5,Fernando Alonso,XGBoost,10.0,8.0
83,Dutch Grand Prix,15,29,Kimi Antonelli,XGBoost,11.0,16.0
83,Dutch Grand Prix,15,14,Yuki Tsunoda,XGBoost,12.0,9.0
83,Dutch Grand Prix,15,24,Gabriel Bortoleto,XGBoost,13.0,15.0
83,Dutch Grand Prix,15,20,Pierre Gasly,XGBoost,14.0,17.0
83,Dutch Grand Prix,15,15,Alexander Albon,XGBoost,15.0,5.0
83,Dutch Grand Prix,15,27,Franco Colapinto,XGBoost,16.0,11.0
83,Dutch Grand Prix,15,10,Nico Hulkenberg,XGBoost,17.0,14.0
83,Dutch Grand Prix,15,9,Esteban Ocon,XGBoost,18.0,10.0
83,Dutch Grand Prix,15,26,Oliver Bearman,XGBoost,19.0,6.0
83,Dutch Grand Prix,15,8,Lance Stroll,XGBoost,20.0,7.0
84,Italian Grand Prix,16,1,Max Verstappen,XGBoost,1.0,1.0
84,Italian Grand Prix,16,11,Lando Norris,XGBoost,2.0,2.0
84,Italian Grand Prix,16,18,Oscar Piastri,XGBoost,3.0,3.0
84,Italian Grand Prix,16,3,Charles Leclerc,XGBoost,4.0,4.0
84,Italian Grand Prix,16,7,Lewis Hamilton,XGBoost,5.0,6.0
84,Italian Grand Prix,16,6,George Russell,XGBoost,6.0,5.0
84,Italian Grand Prix,16,29,Kimi Antonelli,XGBoost,7.0,8.0
84,Italian Grand Prix,16,24,Gabriel Bortoleto,XGBoost,8.0,9.0
84,Italian Grand Prix,16,5,Fernando Alonso,XGBoost,9.0,19.0
84,Italian Grand Prix,16,14,Yuki Tsunoda,XGBoost,10.0,13.0
84,Italian Grand Prix,16,26,Oliver Bearman,XGBoost,11.0,12.0
84,Italian Grand Prix,16,10,Nico Hulkenberg,XGBoost,12.0,20.0
84,Italian Grand Prix,16,4,Carlos Sainz,XGBoost,13.0,11.0
84,Italian Grand Prix,16,15,Alexander Albon,XGBoost,14.0,7.0
84,Italian Grand Prix,16,9,Esteban Ocon,XGBoost,15.0,15.0
84,Italian Grand Prix,16,23,Isack Hadjar,XGBoost,16.0,10.0
84,Italian Grand Prix,16,8,Lance Stroll,XGBoost,17.0,18.0
84,Italian Grand Prix,16,27,Franco Colapinto,XGBoost,18.0,17.0
84,Italian Grand Prix,16,20,Pierre Gasly,XGBoost,19.0,16.0
84,Italian Grand Prix,16,25,Liam Lawson,XGBoost,20.0,14.0
90,Las Vegas Grand Prix,22,11,Lando Norris,XGBoost,1.0,
90,Las Vegas Grand Prix,22,1,Max Verstappen,XGBoost,2.0,
90,Las Vegas Grand Prix,22,4,Carlos Sainz,XGBoost,3.0,
90,Las Vegas Grand Prix,22,6,George Russell,XGBoost,4.0,
90,Las Vegas Grand Prix,22,18,Oscar Piastri,XGBoost,5.0,
90,Las Vegas Grand Prix,22,25,Liam Lawson,XGBoost,6.0,
90,Las Vegas Grand Prix,22,5,Fernando Alonso,XGBoost,7.0,
90,Las Vegas Grand Prix,22,23,Isack Hadjar,XGBoost,8.0,
90,Las Vegas Grand Prix,22,3,Charles Leclerc,XGBoost,9.0,
90,Las Vegas Grand Prix,22,20,Pierre Gasly,XGBoost,10.0,
90,Las Vegas Grand Prix,22,10,Nico Hulkenberg,XGBoost,11.0,
90,Las Vegas Grand Prix,22,8,Lance Stroll,XGBoost,12.0,
90,Las Vegas Grand Prix,22,9,Esteban Ocon,XGBoost,13.0,
90,Las Vegas Grand Prix,22,26,Oliver Bearman,XGBoost,14.0,
90,Las Vegas Grand Prix,22,27,Franco Colapinto,XGBoost,15.0,
90,Las Vegas Grand Prix,22,15,Alexander Albon,XGBoost,16.0,
90,Las Vegas Grand Prix,22,29,Kimi Antonelli,XGBoost,17.0,
90,Las Vegas Grand Prix,22,24,Gabriel Bortoleto,XGBoost,18.0,
90,Las Vegas Grand Prix,22,14,Yuki Tsunoda,XGBoost,19.0,
90,Las Vegas Grand Prix,22,7,Lewis Hamilton,XGBoost,20.0,
89,São Paulo Grand Prix,21,24,Gabriel Bortoleto,XGBoost,1.0,
89,São Paulo Grand Prix,21,11,Lando Norris,XGBoost,2.0,
89,São Paulo Grand Prix,21,29,Kimi Antonelli,XGBoost,3.0,
89,São Paulo Grand Prix,21,3,Charles Leclerc,XGBoost,4.0,
89,São Paulo Grand Prix,21,18,Oscar Piastri,XGBoost,5.0,
89,São Paulo Grand Prix,21,23,Isack Hadjar,XGBoost,6.0,
89,São Paulo Grand Prix,21,6,George Russell,XGBoost,7.0,
89,São Paulo Grand Prix,21,25,Liam Lawson,XGBoost,8.0,
89,São Paulo Grand Prix,21,26,Oliver Bearman,XGBoost,9.0,
89,São Paulo Grand Prix,21,20,Pierre Gasly,XGBoost,10.0,
89,São Paulo Grand Prix,21,10,Nico Hulkenberg,XGBoost,11.0,
89,São Paulo Grand Prix,21,5,Fernando Alonso,XGBoost,12.0,
89,São Paulo Grand Prix,21,15,Alexander Albon,XGBoost,13.0,
89,São Paulo Grand Prix,21,7,Lewis Hamilton,XGBoost,14.0,
89,São Paulo Grand Prix,21,8,Lance Stroll,XGBoost,15.0,
89,São Paulo Grand Prix,21,4,Carlos Sainz,XGBoost,16.0,
89,São Paulo Grand Prix,21,1,Max Verstappen,XGBoost,17.0,
89,São Paulo Grand Prix,21,9,Esteban Ocon,XGBoost,18.0,
89,São Paulo Grand Prix,21,27,Franco Colapinto,XGBoost,19.0,
89,São Paulo Grand Prix,21,14,Yuki Tsunoda,XGBoost,20.0,
88,Mexico City Grand Prix,20,11,Lando Norris,XGBoost,1.0,
88,Mexico City Grand Prix,20,3,Charles Leclerc,XGBoost,2.0,
88,Mexico City Grand Prix,20,7,Lewis Hamilton,XGBoost,3.0,
88,Mexico City Grand Prix,20,6,George Russell,XGBoost,4.0,
88,Mexico City Grand Prix,20,1,Max Verstappen,XGBoost,5.0,
88,Mexico City Grand Prix,20,29,Kimi Antonelli,XGBoost,6.0,
88,Mexico City Grand Prix,20,4,Carlos Sainz,XGBoost,7.0,
88,Mexico City Grand Prix,20,18,Oscar Piastri,XGBoost,8.0,
88,Mexico City Grand Prix,20,23,Isack Hadjar,XGBoost,9.0,
88,Mexico City Grand Prix,20,26,Oliver Bearman,XGBoost,10.0,
88,Mexico City Grand Prix,20,14,Yuki Tsunoda,XGBoost,11.0,
88,Mexico City Grand Prix,20,9,Esteban Ocon,XGBoost,12.0,
88,Mexico City Grand Prix,20,10,Nico Hulkenberg,XGBoost,13.0,
88,Mexico City Grand Prix,20,5,Fernando Alonso,XGBoost,14.0,
88,Mexico City Grand Prix,20,25,Liam Lawson,XGBoost,15.0,
88,Mexico City Grand Prix,20,24,Gabriel Bortoleto,XGBoost,16.0,
88,Mexico City Grand Prix,20,15,Alexander Albon,XGBoost,17.0,
88,Mexico City Grand Prix,20,20,Pierre Gasly,XGBoost,18.0,
88,Mexico City Grand Prix,20,8,Lance Stroll,XGBoost,19.0,
88,Mexico City Grand Prix,20,27,Franco Colapinto,XGBoost,20.0,
87,United States Grand Prix,19,1,Max Verstappen,XGBoost,1.0,
87,United States Grand Prix,19,11,Lando Norris,XGBoost,2.0,
87,United States Grand Prix,19,3,Charles Leclerc,XGBoost,3.0,
87,United States Grand Prix,19,6,George Russell,XGBoost,4.0,
87,United States Grand Prix,19,7,Lewis Hamilton,XGBoost,5.0,
87,United States Grand Prix,19,18,Oscar Piastri,XGBoost,6.0,
87,United States Grand Prix,19,29,Kimi Antonelli,XGBoost,7.0,
87,United States Grand Prix,19,26,Oliver Bearman,XGBoost,8.0,
87,United States Grand Prix,19,4,Carlos Sainz,XGBoost,9.0,
87,United States Grand Prix,19,5,Fernando Alonso,XGBoost,10.0,
87,United States Grand Prix,19,10,Nico Hulkenberg,XGBoost,11.0,
87,United States Grand Prix,19,25,Liam Lawson,XGBoost,12.0,
87,United States Grand Prix,19,14,Yuki Tsunoda,XGBoost,13.0,
87,United States Grand Prix,19,20,Pierre Gasly,XGBoost,14.0,
87,United States Grand Prix,19,27,Franco Colapinto,XGBoost,15.0,
87,United States Grand Prix,19,24,Gabriel Bortoleto,XGBoost,16.0,
87,United States Grand Prix,19,9,Esteban Ocon,XGBoost,17.0,
87,United States Grand Prix,19,8,Lance Stroll,XGBoost,18.0,
87,United States Grand Prix,19,15,Alexander Albon,XGBoost,19.0,
87,United States Grand Prix,19,23,Isack Hadjar,XGBoost,20.0,
86,Singapore Grand Prix,18,6,George Russell,XGBoost,1.0,
86,Singapore Grand Prix,18,1,Max Verstappen,XGBoost,2.0,
86,Singapore Grand Prix,18,18,Oscar Piastri,XGBoost,3.0,
86,Singapore Grand Prix,18,29,Kimi Antonelli,XGBoost,4.0,
86,Singapore Grand Prix,18,11,Lando Norris,XGBoost,5.0,
86,Singapore Grand Prix,18,7,Lewis Hamilton,XGBoost,6.0,
86,Singapore Grand Prix,18,3,Charles Leclerc,XGBoost,7.0,
86,Singapore Grand Prix,18,23,Isack Hadjar,XGBoost,8.0,
86,Singapore Grand Prix,18,26,Oliver Bearman,XGBoost,9.0,
86,Singapore Grand Prix,18,5,Fernando Alonso,XGBoost,10.0,
86,Singapore Grand Prix,18,10,Nico Hulkenberg,XGBoost,11.0,
86,Singapore Grand Prix,18,25,Liam Lawson,XGBoost,12.0,
86,Singapore Grand Prix,18,14,Yuki Tsunoda,XGBoost,13.0,
86,Singapore Grand Prix,18,24,Gabriel Bortoleto,XGBoost,14.0,
86,Singapore Grand Prix,18,8,Lance Stroll,XGBoost,15.0,
86,Singapore Grand Prix,18,27,Franco Colapinto,XGBoost,16.0,
86,Singapore Grand Prix,18,9,Esteban Ocon,XGBoost,17.0,
86,Singapore Grand Prix,18,20,Pierre Gasly,XGBoost,18.0,
86,Singapore Grand Prix,18,15,Alexander Albon,XGBoost,19.0,
86,Singapore Grand Prix,18,4,Carlos Sainz,XGBoost,20.0,
85,Azerbaijan Grand Prix,17,1,Max Verstappen,XGBoost,1.0,
85,Azerbaijan Grand Prix,17,4,Carlos Sainz,XGBoost,2.0,
85,Azerbaijan Grand Prix,17,25,Liam Lawson,XGBoost,3.0,
85,Azerbaijan Grand Prix,17,29,Kimi Antonelli,XGBoost,4.0,
85,Azerbaijan Grand Prix,17,6,George Russell,XGBoost,5.0,
85,Azerbaijan Grand Prix,17,14,Yuki Tsunoda,XGBoost,6.0,
85,Azerbaijan Grand Prix,17,11,Lando Norris,XGBoost,7.0,
85,Azerbaijan Grand Prix,17,23,Isack Hadjar,XGBoost,8.0,
85,Azerbaijan Grand Prix,17,18,Oscar Piastri,XGBoost,9.0,
85,Azerbaijan Grand Prix,17,3,Charles Leclerc,XGBoost,10.0,
85,Azerbaijan Grand Prix,17,5,Fernando Alonso,XGBoost,11.0,
85,Azerbaijan Grand Prix,17,7,Lewis Hamilton,XGBoost,12.0,
85,Azerbaijan Grand Prix,17,24,Gabriel Bortoleto,XGBoost,13.0,
85,Azerbaijan Grand Prix,17,8,Lance Stroll,XGBoost,14.0,
85,Azerbaijan Grand Prix,17,26,Oliver Bearman,XGBoost,15.0,
85,Azerbaijan Grand Prix,17,27,Franco Colapinto,XGBoost,16.0,
85,Azerbaijan Grand Prix,17,10,Nico Hulkenberg,XGBoost,17.0,
85,Azerbaijan Grand Prix,17,20,Pierre Gasly,XGBoost,18.0,
85,Azerbaijan Grand Prix,17,15,Alexander Albon,XGBoost,19.0,
85,Azerbaijan Grand Prix,17,9,Esteban Ocon,XGBoost,20.0,
91,Qatar Grand Prix,23,18,Oscar Piastri,XGBoost,1.0,
91,Qatar Grand Prix,23,11,Lando Norris,XGBoost,2.0,
91,Qatar Grand Prix,23,1,Max Verstappen,XGBoost,3.0,
91,Qatar Grand Prix,23,6,George Russell,XGBoost,4.0,
91,Qatar Grand Prix,23,29,Kimi Antonelli,XGBoost,5.0,
91,Qatar Grand Prix,23,23,Isack Hadjar,XGBoost,6.0,
91,Qatar Grand Prix,23,4,Carlos Sainz,XGBoost,7.0,
91,Qatar Grand Prix,23,5,Fernando Alonso,XGBoost,8.0,
91,Qatar Grand Prix,23,20,Pierre Gasly,XGBoost,9.0,
91,Qatar Grand Prix,23,3,Charles Leclerc,XGBoost,10.0,
91,Qatar Grand Prix,23,10,Nico Hulkenberg,XGBoost,11.0,
91,Qatar Grand Prix,23,25,Liam Lawson,XGBoost,12.0,
91,Qatar Grand Prix,23,26,Oliver Bearman,XGBoost,13.0,
91,Qatar Grand Prix,23,24,Gabriel Bortoleto,XGBoost,14.0,
91,Qatar Grand Prix,23,15,Alexander Albon,XGBoost,15.0,
91,Qatar Grand Prix,23,14,Yuki Tsunoda,XGBoost,16.0,
91,Qatar Grand Prix,23,9,Esteban Ocon,XGBoost,17.0,
91,Qatar Grand Prix,23,7,Lewis Hamilton,XGBoost,18.0,
91,Qatar Grand Prix,23,8,Lance Stroll,XGBoost,19.0,
91,Qatar Grand Prix,23,27,Franco Colapinto,XGBoost,20.0,
54,Australian Grand Prix,1,11,Lando Norris,CatBoost,1.0,1.0
61,Chinese Grand Prix,2,18,Oscar Piastri,CatBoost,1.0,1.0
55,Japanese Grand Prix,3,1,Max Verstappen,CatBoost,1.0,1.0
56,Bahrain Grand Prix,4,18,Oscar Piastri,CatBoost,1.0,1.0
57,Saudi Arabian Grand Prix,5,18,Oscar Piastri,CatBoost,1.0,1.0
60,Miami Grand Prix,6,1,Max Verstappen,CatBoost,1.0,4.0
58,Emilia Romagna Grand Prix,7,1,Max Verstappen,CatBoost,1.0,1.0
59,Monaco Grand Prix,8,11,Lando Norris,CatBoost,1.0,1.0
77,Spanish Grand Prix,9,18,Oscar Piastri,CatBoost,1.0,1.0
78,Canadian Grand Prix,10,6,George Russell,CatBoost,1.0,1.0
79,Austrian Grand Prix,11,11,Lando Norris,CatBoost,1.0,1.0
80,British Grand Prix,12,18,Oscar Piastri,CatBoost,1.0,2.0
81,Belgian Grand Prix,13,18,Oscar Piastri,CatBoost,1.0,1.0
82,Hungarian Grand Prix,14,11,Lando Norris,CatBoost,1.0,1.0
83,Dutch Grand Prix,15,18,Oscar Piastri,CatBoost,1.0,1.0
84,Italian Grand Prix,16,1,Max Verstappen,CatBoost,1.0,1.0
85,Azerbaijan Grand Prix,17,1,Max Verstappen,CatBoost,1.0,
86,Singapore Grand Prix,18,6,George Russell,CatBoost,1.0,
87,United States Grand Prix,19,1,Max Verstappen,CatBoost,1.0,
88,Mexico City Grand Prix,20,11,Lando Norris,CatBoost,1.0,1.0
89,São Paulo Grand Prix,21,11,Lando Norris,CatBoost,1.0,1.0
90,Las Vegas Grand Prix,22,11,Lando Norris,CatBoost,1.0,
91,Qatar Grand Prix,23,1,Max Verstappen,CatBoost,1.0,1.0
54,Australian Grand Prix,1,1,Max Verstappen,CatBoost,2.0,2.0
61,Chinese Grand Prix,2,11,Lando Norris,CatBoost,2.0,2.0
55,Japanese Grand Prix,3,11,Lando Norris,CatBoost,2.0,2.0
56,Bahrain Grand Prix,4,6,George Russell,CatBoost,2.0,2.0
57,Saudi Arabian Grand Prix,5,1,Max Verstappen,CatBoost,2.0,2.0
60,Miami Grand Prix,6,11,Lando Norris,CatBoost,2.0,2.0
58,Emilia Romagna Grand Prix,7,18,Oscar Piastri,CatBoost,2.0,3.0
59,Monaco Grand Prix,8,3,Charles Leclerc,CatBoost,2.0,2.0
77,Spanish Grand Prix,9,11,Lando Norris,CatBoost,2.0,2.0
78,Canadian Grand Prix,10,1,Max Verstappen,CatBoost,2.0,2.0
79,Austrian Grand Prix,11,18,Oscar Piastri,CatBoost,2.0,2.0
80,British Grand Prix,12,11,Lando Norris,CatBoost,2.0,1.0
81,Belgian Grand Prix,13,11,Lando Norris,CatBoost,2.0,2.0
82,Hungarian Grand Prix,14,18,Oscar Piastri,CatBoost,2.0,2.0
83,Dutch Grand Prix,15,11,Lando Norris,CatBoost,2.0,18.0
84,Italian Grand Prix,16,11,Lando Norris,CatBoost,2.0,2.0
85,Azerbaijan Grand Prix,17,29,Kimi Antonelli,CatBoost,2.0,
86,Singapore Grand Prix,18,1,Max Verstappen,CatBoost,2.0,
87,United States Grand Prix,19,11,Lando Norris,CatBoost,2.0,
88,Mexico City Grand Prix,20,3,Charles Leclerc,CatBoost,2.0,2.0
89,São Paulo Grand Prix,21,29,Kimi Antonelli,CatBoost,2.0,2.0
90,Las Vegas Grand Prix,22,1,Max Verstappen,CatBoost,2.0,
91,Qatar Grand Prix,23,18,Oscar Piastri,CatBoost,2.0,2.0
54,Australian Grand Prix,1,6,George Russell,CatBoost,3.0,3.0
61,Chinese Grand Prix,2,6,George Russell,CatBoost,3.0,3.0
55,Japanese Grand Prix,3,18,Oscar Piastri,CatBoost,3.0,3.0
56,Bahrain Grand Prix,4,3,Charles Leclerc,CatBoost,3.0,4.0
57,Saudi Arabian Grand Prix,5,3,Charles Leclerc,CatBoost,3.0,3.0
60,Miami Grand Prix,6,18,Oscar Piastri,CatBoost,3.0,1.0
58,Emilia Romagna Grand Prix,7,11,Lando Norris,CatBoost,3.0,2.0
59,Monaco Grand Prix,8,18,Oscar Piastri,CatBoost,3.0,3.0
77,Spanish Grand Prix,9,1,Max Verstappen,CatBoost,3.0,10.0
78,Canadian Grand Prix,10,18,Oscar Piastri,CatBoost,3.0,4.0
79,Austrian Grand Prix,11,3,Charles Leclerc,CatBoost,3.0,3.0
80,British Grand Prix,12,6,George Russell,CatBoost,3.0,10.0
81,Belgian Grand Prix,13,3,Charles Leclerc,CatBoost,3.0,3.0
82,Hungarian Grand Prix,14,6,George Russell,CatBoost,3.0,3.0
83,Dutch Grand Prix,15,1,Max Verstappen,CatBoost,3.0,2.0
84,Italian Grand Prix,16,18,Oscar Piastri,CatBoost,3.0,3.0
85,Azerbaijan Grand Prix,17,4,Carlos Sainz,CatBoost,3.0,
86,Singapore Grand Prix,18,18,Oscar Piastri,CatBoost,3.0,
87,United States Grand Prix,19,3,Charles Leclerc,CatBoost,3.0,
88,Mexico City Grand Prix,20,7,Lewis Hamilton,CatBoost,3.0,8.0
89,São Paulo Grand Prix,21,3,Charles Leclerc,CatBoost,3.0,19.0
90,Las Vegas Grand Prix,22,18,Oscar Piastri,CatBoost,3.0,
91,Qatar Grand Prix,23,11,Lando Norris,CatBoost,3.0,4.0
54,Australian Grand Prix,1,18,Oscar Piastri,CatBoost,4.0,9.0
61,Chinese Grand Prix,2,1,Max Verstappen,CatBoost,4.0,4.0
55,Japanese Grand Prix,3,3,Charles Leclerc,CatBoost,4.0,4.0
56,Bahrain Grand Prix,4,11,Lando Norris,CatBoost,4.0,3.0
57,Saudi Arabian Grand Prix,5,6,George Russell,CatBoost,4.0,5.0
60,Miami Grand Prix,6,6,George Russell,CatBoost,4.0,3.0
58,Emilia Romagna Grand Prix,7,6,George Russell,CatBoost,4.0,7.0
59,Monaco Grand Prix,8,1,Max Verstappen,CatBoost,4.0,4.0
77,Spanish Grand Prix,9,6,George Russell,CatBoost,4.0,4.0
78,Canadian Grand Prix,10,29,Kimi Antonelli,CatBoost,4.0,3.0
79,Austrian Grand Prix,11,7,Lewis Hamilton,CatBoost,4.0,4.0
80,British Grand Prix,12,3,Charles Leclerc,CatBoost,4.0,14.0
81,Belgian Grand Prix,13,1,Max Verstappen,CatBoost,4.0,4.0
82,Hungarian Grand Prix,14,3,Charles Leclerc,CatBoost,4.0,4.0
83,Dutch Grand Prix,15,6,George Russell,CatBoost,4.0,4.0
84,Italian Grand Prix,16,3,Charles Leclerc,CatBoost,4.0,4.0
85,Azerbaijan Grand Prix,17,6,George Russell,CatBoost,4.0,
86,Singapore Grand Prix,18,29,Kimi Antonelli,CatBoost,4.0,
87,United States Grand Prix,19,6,George Russell,CatBoost,4.0,
88,Mexico City Grand Prix,20,6,George Russell,CatBoost,4.0,7.0
89,São Paulo Grand Prix,21,18,Oscar Piastri,CatBoost,4.0,5.0
90,Las Vegas Grand Prix,22,6,George Russell,CatBoost,4.0,
91,Qatar Grand Prix,23,6,George Russell,CatBoost,4.0,6.0
54,Australian Grand Prix,1,15,Alexander Albon,CatBoost,5.0,5.0
61,Chinese Grand Prix,2,7,Lewis Hamilton,CatBoost,5.0,19.0
55,Japanese Grand Prix,3,6,George Russell,CatBoost,5.0,5.0
56,Bahrain Grand Prix,4,29,Kimi Antonelli,CatBoost,5.0,11.0
57,Saudi Arabian Grand Prix,5,11,Lando Norris,CatBoost,5.0,4.0
60,Miami Grand Prix,6,29,Kimi Antonelli,CatBoost,5.0,6.0
58,Emilia Romagna Grand Prix,7,4,Carlos Sainz,CatBoost,5.0,8.0
59,Monaco Grand Prix,8,7,Lewis Hamilton,CatBoost,5.0,5.0
77,Spanish Grand Prix,9,3,Charles Leclerc,CatBoost,5.0,3.0
78,Canadian Grand Prix,10,3,Charles Leclerc,CatBoost,5.0,5.0
79,Austrian Grand Prix,11,6,George Russell,CatBoost,5.0,5.0
80,British Grand Prix,12,7,Lewis Hamilton,CatBoost,5.0,4.0
81,Belgian Grand Prix,13,6,George Russell,CatBoost,5.0,5.0
82,Hungarian Grand Prix,14,5,Fernando Alonso,CatBoost,5.0,5.0
83,Dutch Grand Prix,15,3,Charles Leclerc,CatBoost,5.0,19.0
84,Italian Grand Prix,16,7,Lewis Hamilton,CatBoost,5.0,6.0
85,Azerbaijan Grand Prix,17,11,Lando Norris,CatBoost,5.0,
86,Singapore Grand Prix,18,11,Lando Norris,CatBoost,5.0,
87,United States Grand Prix,19,18,Oscar Piastri,CatBoost,5.0,
88,Mexico City Grand Prix,20,1,Max Verstappen,CatBoost,5.0,3.0
89,São Paulo Grand Prix,21,24,Gabriel Bortoleto,CatBoost,5.0,20.0
90,Las Vegas Grand Prix,22,4,Carlos Sainz,CatBoost,5.0,
91,Qatar Grand Prix,23,29,Kimi Antonelli,CatBoost,5.0,5.0
54,Australian Grand Prix,1,3,Charles Leclerc,CatBoost,6.0,8.0
61,Chinese Grand Prix,2,29,Kimi Antonelli,CatBoost,6.0,6.0
55,Japanese Grand Prix,3,29,Kimi Antonelli,CatBoost,6.0,6.0
56,Bahrain Grand Prix,4,1,Max Verstappen,CatBoost,6.0,6.0
57,Saudi Arabian Grand Prix,5,29,Kimi Antonelli,CatBoost,6.0,6.0
60,Miami Grand Prix,6,3,Charles Leclerc,CatBoost,6.0,7.0
58,Emilia Romagna Grand Prix,7,15,Alexander Albon,CatBoost,6.0,5.0
59,Monaco Grand Prix,8,23,Isack Hadjar,CatBoost,6.0,6.0
77,Spanish Grand Prix,9,7,Lewis Hamilton,CatBoost,6.0,6.0
78,Canadian Grand Prix,10,7,Lewis Hamilton,CatBoost,6.0,6.0
79,Austrian Grand Prix,11,25,Liam Lawson,CatBoost,6.0,6.0
80,British Grand Prix,12,1,Max Verstappen,CatBoost,6.0,5.0
81,Belgian Grand Prix,13,15,Alexander Albon,CatBoost,6.0,6.0
82,Hungarian Grand Prix,14,8,Lance Stroll,CatBoost,6.0,7.0
83,Dutch Grand Prix,15,7,Lewis Hamilton,CatBoost,6.0,20.0
84,Italian Grand Prix,16,6,George Russell,CatBoost,6.0,5.0
85,Azerbaijan Grand Prix,17,25,Liam Lawson,CatBoost,6.0,
86,Singapore Grand Prix,18,7,Lewis Hamilton,CatBoost,6.0,
87,United States Grand Prix,19,7,Lewis Hamilton,CatBoost,6.0,
88,Mexico City Grand Prix,20,29,Kimi Antonelli,CatBoost,6.0,6.0
89,São Paulo Grand Prix,21,6,George Russell,CatBoost,6.0,4.0
90,Las Vegas Grand Prix,22,25,Liam Lawson,CatBoost,6.0,
91,Qatar Grand Prix,23,4,Carlos Sainz,CatBoost,6.0,3.0
54,Australian Grand Prix,1,7,Lewis Hamilton,CatBoost,7.0,10.0
61,Chinese Grand Prix,2,3,Charles Leclerc,CatBoost,7.0,18.0
55,Japanese Grand Prix,3,7,Lewis Hamilton,CatBoost,7.0,7.0
56,Bahrain Grand Prix,4,20,Pierre Gasly,CatBoost,7.0,7.0
57,Saudi Arabian Grand Prix,5,7,Lewis Hamilton,CatBoost,7.0,7.0
60,Miami Grand Prix,6,15,Alexander Albon,CatBoost,7.0,5.0
58,Emilia Romagna Grand Prix,7,3,Charles Leclerc,CatBoost,7.0,6.0
59,Monaco Grand Prix,8,9,Esteban Ocon,CatBoost,7.0,7.0
77,Spanish Grand Prix,9,29,Kimi Antonelli,CatBoost,7.0,18.0
78,Canadian Grand Prix,10,11,Lando Norris,CatBoost,7.0,18.0
79,Austrian Grand Prix,11,5,Fernando Alonso,CatBoost,7.0,7.0
80,British Grand Prix,12,29,Kimi Antonelli,CatBoost,7.0,16.0
81,Belgian Grand Prix,13,7,Lewis Hamilton,CatBoost,7.0,7.0
82,Hungarian Grand Prix,14,1,Max Verstappen,CatBoost,7.0,9.0
83,Dutch Grand Prix,15,23,Isack Hadjar,CatBoost,7.0,3.0
84,Italian Grand Prix,16,29,Kimi Antonelli,CatBoost,7.0,8.0
85,Azerbaijan Grand Prix,17,18,Oscar Piastri,CatBoost,7.0,
86,Singapore Grand Prix,18,3,Charles Leclerc,CatBoost,7.0,
87,United States Grand Prix,19,29,Kimi Antonelli,CatBoost,7.0,
88,Mexico City Grand Prix,20,18,Oscar Piastri,CatBoost,7.0,5.0
89,São Paulo Grand Prix,21,23,Isack Hadjar,CatBoost,7.0,8.0
90,Las Vegas Grand Prix,22,5,Fernando Alonso,CatBoost,7.0,
91,Qatar Grand Prix,23,23,Isack Hadjar,CatBoost,7.0,18.0
54,Australian Grand Prix,1,14,Yuki Tsunoda,CatBoost,8.0,12.0
61,Chinese Grand Prix,2,9,Esteban Ocon,CatBoost,8.0,5.0
55,Japanese Grand Prix,3,23,Isack Hadjar,CatBoost,8.0,8.0
56,Bahrain Grand Prix,4,7,Lewis Hamilton,CatBoost,8.0,5.0
57,Saudi Arabian Grand Prix,5,4,Carlos Sainz,CatBoost,8.0,8.0
60,Miami Grand Prix,6,4,Carlos Sainz,CatBoost,8.0,9.0
58,Emilia Romagna Grand Prix,7,7,Lewis Hamilton,CatBoost,8.0,4.0
59,Monaco Grand Prix,8,25,Liam Lawson,CatBoost,8.0,8.0
77,Spanish Grand Prix,9,23,Isack Hadjar,CatBoost,8.0,7.0
78,Canadian Grand Prix,10,5,Fernando Alonso,CatBoost,8.0,7.0
79,Austrian Grand Prix,11,1,Max Verstappen,CatBoost,8.0,18.0
80,British Grand Prix,12,20,Pierre Gasly,CatBoost,8.0,6.0
81,Belgian Grand Prix,13,25,Liam Lawson,CatBoost,8.0,8.0
82,Hungarian Grand Prix,14,24,Gabriel Bortoleto,CatBoost,8.0,6.0
83,Dutch Grand Prix,15,25,Liam Lawson,CatBoost,8.0,12.0
84,Italian Grand Prix,16,24,Gabriel Bortoleto,CatBoost,8.0,9.0
85,Azerbaijan Grand Prix,17,14,Yuki Tsunoda,CatBoost,8.0,
86,Singapore Grand Prix,18,26,Oliver Bearman,CatBoost,8.0,
87,United States Grand Prix,19,26,Oliver Bearman,CatBoost,8.0,
88,Mexico City Grand Prix,20,4,Carlos Sainz,CatBoost,8.0,17.0
89,São Paulo Grand Prix,21,26,Oliver Bearman,CatBoost,8.0,6.0
90,Las Vegas Grand Prix,22,3,Charles Leclerc,CatBoost,8.0,
91,Qatar Grand Prix,23,5,Fernando Alonso,CatBoost,8.0,7.0
54,Australian Grand Prix,1,20,Pierre Gasly,CatBoost,9.0,11.0
61,Chinese Grand Prix,2,15,Alexander Albon,CatBoost,9.0,7.0
55,Japanese Grand Prix,3,26,Oliver Bearman,CatBoost,9.0,10.0
56,Bahrain Grand Prix,4,14,Yuki Tsunoda,CatBoost,9.0,9.0
57,Saudi Arabian Grand Prix,5,20,Pierre Gasly,CatBoost,9.0,20.0
60,Miami Grand Prix,6,7,Lewis Hamilton,CatBoost,9.0,8.0
58,Emilia Romagna Grand Prix,7,20,Pierre Gasly,CatBoost,9.0,13.0
59,Monaco Grand Prix,8,6,George Russell,CatBoost,9.0,11.0
77,Spanish Grand Prix,9,20,Pierre Gasly,CatBoost,9.0,8.0
78,Canadian Grand Prix,10,14,Yuki Tsunoda,CatBoost,9.0,12.0
79,Austrian Grand Prix,11,20,Pierre Gasly,CatBoost,9.0,13.0
80,British Grand Prix,12,5,Fernando Alonso,CatBoost,9.0,9.0
81,Belgian Grand Prix,13,14,Yuki Tsunoda,CatBoost,9.0,13.0
82,Hungarian Grand Prix,14,25,Liam Lawson,CatBoost,9.0,8.0
83,Dutch Grand Prix,15,5,Fernando Alonso,CatBoost,9.0,8.0
84,Italian Grand Prix,16,5,Fernando Alonso,CatBoost,9.0,19.0
85,Azerbaijan Grand Prix,17,3,Charles Leclerc,CatBoost,9.0,
86,Singapore Grand Prix,18,5,Fernando Alonso,CatBoost,9.0,
87,United States Grand Prix,19,5,Fernando Alonso,CatBoost,9.0,
88,Mexico City Grand Prix,20,26,Oliver Bearman,CatBoost,9.0,4.0
89,São Paulo Grand Prix,21,25,Liam Lawson,CatBoost,9.0,7.0
90,Las Vegas Grand Prix,22,23,Isack Hadjar,CatBoost,9.0,
91,Qatar Grand Prix,23,3,Charles Leclerc,CatBoost,9.0,8.0
54,Australian Grand Prix,1,4,Carlos Sainz,CatBoost,10.0,18.0
61,Chinese Grand Prix,2,23,Isack Hadjar,CatBoost,10.0,11.0
55,Japanese Grand Prix,3,20,Pierre Gasly,CatBoost,10.0,13.0
56,Bahrain Grand Prix,4,9,Esteban Ocon,CatBoost,10.0,8.0
57,Saudi Arabian Grand Prix,5,14,Yuki Tsunoda,CatBoost,10.0,19.0
60,Miami Grand Prix,6,9,Esteban Ocon,CatBoost,10.0,12.0
58,Emilia Romagna Grand Prix,7,23,Isack Hadjar,CatBoost,10.0,9.0
59,Monaco Grand Prix,8,15,Alexander Albon,CatBoost,10.0,9.0
77,Spanish Grand Prix,9,5,Fernando Alonso,CatBoost,10.0,9.0
78,Canadian Grand Prix,10,10,Nico Hulkenberg,CatBoost,10.0,8.0
79,Austrian Grand Prix,11,24,Gabriel Bortoleto,CatBoost,10.0,8.0
80,British Grand Prix,12,26,Oliver Bearman,CatBoost,10.0,11.0
81,Belgian Grand Prix,13,24,Gabriel Bortoleto,CatBoost,10.0,9.0
82,Hungarian Grand Prix,14,26,Oliver Bearman,CatBoost,10.0,20.0
83,Dutch Grand Prix,15,4,Carlos Sainz,CatBoost,10.0,13.0
84,Italian Grand Prix,16,14,Yuki Tsunoda,CatBoost,10.0,13.0
85,Azerbaijan Grand Prix,17,23,Isack Hadjar,CatBoost,10.0,
86,Singapore Grand Prix,18,10,Nico Hulkenberg,CatBoost,10.0,
87,United States Grand Prix,19,4,Carlos Sainz,CatBoost,10.0,
88,Mexico City Grand Prix,20,5,Fernando Alonso,CatBoost,10.0,18.0
89,São Paulo Grand Prix,21,20,Pierre Gasly,CatBoost,10.0,10.0
90,Las Vegas Grand Prix,22,10,Nico Hulkenberg,CatBoost,10.0,
91,Qatar Grand Prix,23,20,Pierre Gasly,CatBoost,10.0,16.0
54,Australian Grand Prix,1,5,Fernando Alonso,CatBoost,11.0,17.0
61,Chinese Grand Prix,2,10,Nico Hulkenberg,CatBoost,11.0,15.0
55,Japanese Grand Prix,3,15,Alexander Albon,CatBoost,11.0,9.0
56,Bahrain Grand Prix,4,28,Jack Doohan,CatBoost,11.0,14.0
57,Saudi Arabian Grand Prix,5,15,Alexander Albon,CatBoost,11.0,9.0
60,Miami Grand Prix,6,14,Yuki Tsunoda,CatBoost,11.0,10.0
58,Emilia Romagna Grand Prix,7,29,Kimi Antonelli,CatBoost,11.0,19.0
59,Monaco Grand Prix,8,4,Carlos Sainz,CatBoost,11.0,10.0
77,Spanish Grand Prix,9,25,Liam Lawson,CatBoost,11.0,11.0
78,Canadian Grand Prix,10,27,Franco Colapinto,CatBoost,11.0,13.0
79,Austrian Grand Prix,11,29,Kimi Antonelli,CatBoost,11.0,19.0
80,British Grand Prix,12,15,Alexander Albon,CatBoost,11.0,8.0
81,Belgian Grand Prix,13,26,Oliver Bearman,CatBoost,11.0,11.0
82,Hungarian Grand Prix,14,7,Lewis Hamilton,CatBoost,11.0,12.0
83,Dutch Grand Prix,15,29,Kimi Antonelli,CatBoost,11.0,16.0
84,Italian Grand Prix,16,26,Oliver Bearman,CatBoost,11.0,12.0
85,Azerbaijan Grand Prix,17,5,Fernando Alonso,CatBoost,11.0,
86,Singapore Grand Prix,18,25,Liam Lawson,CatBoost,11.0,
87,United States Grand Prix,19,25,Liam Lawson,CatBoost,11.0,
88,Mexico City Grand Prix,20,23,Isack Hadjar,CatBoost,11.0,13.0
89,São Paulo Grand Prix,21,7,Lewis Hamilton,CatBoost,11.0,18.0
90,Las Vegas Grand Prix,22,20,Pierre Gasly,CatBoost,11.0,
91,Qatar Grand Prix,23,25,Liam Lawson,CatBoost,11.0,9.0
54,Australian Grand Prix,1,8,Lance Stroll,CatBoost,12.0,6.0
61,Chinese Grand Prix,2,8,Lance Stroll,CatBoost,12.0,9.0
55,Japanese Grand Prix,3,4,Carlos Sainz,CatBoost,12.0,14.0
56,Bahrain Grand Prix,4,4,Carlos Sainz,CatBoost,12.0,19.0
57,Saudi Arabian Grand Prix,5,23,Isack Hadjar,CatBoost,12.0,10.0
60,Miami Grand Prix,6,23,Isack Hadjar,CatBoost,12.0,11.0
58,Emilia Romagna Grand Prix,7,5,Fernando Alonso,CatBoost,12.0,11.0
59,Monaco Grand Prix,8,5,Fernando Alonso,CatBoost,12.0,19.0
77,Spanish Grand Prix,9,24,Gabriel Bortoleto,CatBoost,12.0,12.0
78,Canadian Grand Prix,10,15,Alexander Albon,CatBoost,12.0,20.0
79,Austrian Grand Prix,11,27,Franco Colapinto,CatBoost,12.0,15.0
80,British Grand Prix,12,4,Carlos Sainz,CatBoost,12.0,12.0
81,Belgian Grand Prix,13,20,Pierre Gasly,CatBoost,12.0,10.0
82,Hungarian Grand Prix,14,29,Kimi Antonelli,CatBoost,12.0,10.0
83,Dutch Grand Prix,15,24,Gabriel Bortoleto,CatBoost,12.0,15.0
84,Italian Grand Prix,16,10,Nico Hulkenberg,CatBoost,12.0,20.0
85,Azerbaijan Grand Prix,17,7,Lewis Hamilton,CatBoost,12.0,
86,Singapore Grand Prix,18,23,Isack Hadjar,CatBoost,12.0,
87,United States Grand Prix,19,10,Nico Hulkenberg,CatBoost,12.0,
88,Mexico City Grand Prix,20,9,Esteban Ocon,CatBoost,12.0,9.0
89,São Paulo Grand Prix,21,5,Fernando Alonso,CatBoost,12.0,14.0
90,Las Vegas Grand Prix,22,8,Lance Stroll,CatBoost,12.0,
91,Qatar Grand Prix,23,26,Oliver Bearman,CatBoost,12.0,19.0
54,Australian Grand Prix,1,29,Kimi Antonelli,CatBoost,13.0,4.0
61,Chinese Grand Prix,2,5,Fernando Alonso,CatBoost,13.0,17.0
55,Japanese Grand Prix,3,5,Fernando Alonso,CatBoost,13.0,11.0
56,Bahrain Grand Prix,4,5,Fernando Alonso,CatBoost,13.0,15.0
57,Saudi Arabian Grand Prix,5,25,Liam Lawson,CatBoost,13.0,12.0
60,Miami Grand Prix,6,28,Jack Doohan,CatBoost,13.0,20.0
58,Emilia Romagna Grand Prix,7,8,Lance Stroll,CatBoost,13.0,15.0
59,Monaco Grand Prix,8,14,Yuki Tsunoda,CatBoost,13.0,17.0
77,Spanish Grand Prix,9,8,Lance Stroll,CatBoost,13.0,
78,Canadian Grand Prix,10,26,Oliver Bearman,CatBoost,13.0,11.0
79,Austrian Grand Prix,11,26,Oliver Bearman,CatBoost,13.0,11.0
80,British Grand Prix,12,23,Isack Hadjar,CatBoost,13.0,17.0
81,Belgian Grand Prix,13,9,Esteban Ocon,CatBoost,13.0,15.0
82,Hungarian Grand Prix,14,23,Isack Hadjar,CatBoost,13.0,11.0
83,Dutch Grand Prix,15,20,Pierre Gasly,CatBoost,13.0,17.0
84,Italian Grand Prix,16,4,Carlos Sainz,CatBoost,13.0,11.0
85,Azerbaijan Grand Prix,17,8,Lance Stroll,CatBoost,13.0,
86,Singapore Grand Prix,18,14,Yuki Tsunoda,CatBoost,13.0,
87,United States Grand Prix,19,14,Yuki Tsunoda,CatBoost,13.0,
88,Mexico City Grand Prix,20,10,Nico Hulkenberg,CatBoost,13.0,19.0
89,São Paulo Grand Prix,21,10,Nico Hulkenberg,CatBoost,13.0,9.0
90,Las Vegas Grand Prix,22,9,Esteban Ocon,CatBoost,13.0,
91,Qatar Grand Prix,23,10,Nico Hulkenberg,CatBoost,13.0,20.0
54,Australian Grand Prix,1,28,Jack Doohan,CatBoost,14.0,19.0
61,Chinese Grand Prix,2,4,Carlos Sainz,CatBoost,14.0,10.0
55,Japanese Grand Prix,3,25,Liam Lawson,CatBoost,14.0,17.0
56,Bahrain Grand Prix,4,23,Isack Hadjar,CatBoost,14.0,13.0
57,Saudi Arabian Grand Prix,5,5,Fernando Alonso,CatBoost,14.0,11.0
60,Miami Grand Prix,6,25,Liam Lawson,CatBoost,14.0,17.0
58,Emilia Romagna Grand Prix,7,27,Franco Colapinto,CatBoost,14.0,16.0
59,Monaco Grand Prix,8,29,Kimi Antonelli,CatBoost,14.0,18.0
77,Spanish Grand Prix,9,15,Alexander Albon,CatBoost,14.0,19.0
78,Canadian Grand Prix,10,23,Isack Hadjar,CatBoost,14.0,16.0
79,Austrian Grand Prix,11,23,Isack Hadjar,CatBoost,14.0,12.0
80,British Grand Prix,12,14,Yuki Tsunoda,CatBoost,14.0,15.0
81,Belgian Grand Prix,13,10,Nico Hulkenberg,CatBoost,14.0,12.0
82,Hungarian Grand Prix,14,4,Carlos Sainz,CatBoost,14.0,14.0
83,Dutch Grand Prix,15,14,Yuki Tsunoda,CatBoost,14.0,9.0
84,Italian Grand Prix,16,15,Alexander Albon,CatBoost,14.0,7.0
85,Azerbaijan Grand Prix,17,24,Gabriel Bortoleto,CatBoost,14.0,
86,Singapore Grand Prix,18,24,Gabriel Bortoleto,CatBoost,14.0,
87,United States Grand Prix,19,20,Pierre Gasly,CatBoost,14.0,
88,Mexico City Grand Prix,20,14,Yuki Tsunoda,CatBoost,14.0,11.0
89,São Paulo Grand Prix,21,15,Alexander Albon,CatBoost,14.0,11.0
90,Las Vegas Grand Prix,22,26,Oliver Bearman,CatBoost,14.0,
91,Qatar Grand Prix,23,24,Gabriel Bortoleto,CatBoost,14.0,13.0
54,Australian Grand Prix,1,23,Isack Hadjar,CatBoost,15.0,20.0
61,Chinese Grand Prix,2,20,Pierre Gasly,CatBoost,15.0,20.0
55,Japanese Grand Prix,3,14,Yuki Tsunoda,CatBoost,15.0,12.0
56,Bahrain Grand Prix,4,15,Alexander Albon,CatBoost,15.0,12.0
57,Saudi Arabian Grand Prix,5,8,Lance Stroll,CatBoost,15.0,16.0
60,Miami Grand Prix,6,24,Gabriel Bortoleto,CatBoost,15.0,18.0
58,Emilia Romagna Grand Prix,7,24,Gabriel Bortoleto,CatBoost,15.0,18.0
59,Monaco Grand Prix,8,26,Oliver Bearman,CatBoost,15.0,12.0
77,Spanish Grand Prix,9,10,Nico Hulkenberg,CatBoost,15.0,5.0
78,Canadian Grand Prix,10,9,Esteban Ocon,CatBoost,15.0,9.0
79,Austrian Grand Prix,11,15,Alexander Albon,CatBoost,15.0,17.0
80,British Grand Prix,12,9,Esteban Ocon,CatBoost,15.0,13.0
81,Belgian Grand Prix,13,23,Isack Hadjar,CatBoost,15.0,20.0
82,Hungarian Grand Prix,14,27,Franco Colapinto,CatBoost,15.0,18.0
83,Dutch Grand Prix,15,15,Alexander Albon,CatBoost,15.0,5.0
84,Italian Grand Prix,16,9,Esteban Ocon,CatBoost,15.0,15.0
85,Azerbaijan Grand Prix,17,26,Oliver Bearman,CatBoost,15.0,
86,Singapore Grand Prix,18,8,Lance Stroll,CatBoost,15.0,
87,United States Grand Prix,19,27,Franco Colapinto,CatBoost,15.0,
88,Mexico City Grand Prix,20,25,Liam Lawson,CatBoost,15.0,20.0
89,São Paulo Grand Prix,21,1,Max Verstappen,CatBoost,15.0,3.0
90,Las Vegas Grand Prix,22,29,Kimi Antonelli,CatBoost,15.0,
91,Qatar Grand Prix,23,15,Alexander Albon,CatBoost,15.0,11.0
54,Australian Grand Prix,1,10,Nico Hulkenberg,CatBoost,16.0,7.0
61,Chinese Grand Prix,2,14,Yuki Tsunoda,CatBoost,16.0,16.0
55,Japanese Grand Prix,3,10,Nico Hulkenberg,CatBoost,16.0,16.0
56,Bahrain Grand Prix,4,10,Nico Hulkenberg,CatBoost,16.0,20.0
57,Saudi Arabian Grand Prix,5,26,Oliver Bearman,CatBoost,16.0,13.0
60,Miami Grand Prix,6,10,Nico Hulkenberg,CatBoost,16.0,14.0
58,Emilia Romagna Grand Prix,7,25,Liam Lawson,CatBoost,16.0,14.0
59,Monaco Grand Prix,8,24,Gabriel Bortoleto,CatBoost,16.0,14.0
77,Spanish Grand Prix,9,26,Oliver Bearman,CatBoost,16.0,17.0
78,Canadian Grand Prix,10,4,Carlos Sainz,CatBoost,16.0,10.0
79,Austrian Grand Prix,11,10,Nico Hulkenberg,CatBoost,16.0,9.0
80,British Grand Prix,12,10,Nico Hulkenberg,CatBoost,16.0,3.0
81,Belgian Grand Prix,13,4,Carlos Sainz,CatBoost,16.0,18.0
82,Hungarian Grand Prix,14,14,Yuki Tsunoda,CatBoost,16.0,17.0
83,Dutch Grand Prix,15,27,Franco Colapinto,CatBoost,16.0,11.0
84,Italian Grand Prix,16,23,Isack Hadjar,CatBoost,16.0,10.0
85,Azerbaijan Grand Prix,17,10,Nico Hulkenberg,CatBoost,16.0,
86,Singapore Grand Prix,18,27,Franco Colapinto,CatBoost,16.0,
87,United States Grand Prix,19,24,Gabriel Bortoleto,CatBoost,16.0,
88,Mexico City Grand Prix,20,24,Gabriel Bortoleto,CatBoost,16.0,10.0
89,São Paulo Grand Prix,21,8,Lance Stroll,CatBoost,16.0,16.0
90,Las Vegas Grand Prix,22,27,Franco Colapinto,CatBoost,16.0,
91,Qatar Grand Prix,23,14,Yuki Tsunoda,CatBoost,16.0,10.0
54,Australian Grand Prix,1,24,Gabriel Bortoleto,CatBoost,17.0,16.0
61,Chinese Grand Prix,2,26,Oliver Bearman,CatBoost,17.0,8.0
55,Japanese Grand Prix,3,24,Gabriel Bortoleto,CatBoost,17.0,19.0
56,Bahrain Grand Prix,4,26,Oliver Bearman,CatBoost,17.0,10.0
57,Saudi Arabian Grand Prix,5,28,Jack Doohan,CatBoost,17.0,17.0
60,Miami Grand Prix,6,5,Fernando Alonso,CatBoost,17.0,15.0
58,Emilia Romagna Grand Prix,7,14,Yuki Tsunoda,CatBoost,17.0,10.0
59,Monaco Grand Prix,8,27,Franco Colapinto,CatBoost,17.0,13.0
77,Spanish Grand Prix,9,4,Carlos Sainz,CatBoost,17.0,14.0
78,Canadian Grand Prix,10,24,Gabriel Bortoleto,CatBoost,17.0,14.0
79,Austrian Grand Prix,11,8,Lance Stroll,CatBoost,17.0,14.0
80,British Grand Prix,12,25,Liam Lawson,CatBoost,17.0,19.0
81,Belgian Grand Prix,13,27,Franco Colapinto,CatBoost,17.0,19.0
82,Hungarian Grand Prix,14,20,Pierre Gasly,CatBoost,17.0,19.0
83,Dutch Grand Prix,15,10,Nico Hulkenberg,CatBoost,17.0,14.0
84,Italian Grand Prix,16,8,Lance Stroll,CatBoost,17.0,18.0
85,Azerbaijan Grand Prix,17,27,Franco Colapinto,CatBoost,17.0,
86,Singapore Grand Prix,18,9,Esteban Ocon,CatBoost,17.0,
87,United States Grand Prix,19,9,Esteban Ocon,CatBoost,17.0,
88,Mexico City Grand Prix,20,15,Alexander Albon,CatBoost,17.0,12.0
89,São Paulo Grand Prix,21,4,Carlos Sainz,CatBoost,17.0,13.0
90,Las Vegas Grand Prix,22,15,Alexander Albon,CatBoost,17.0,
91,Qatar Grand Prix,23,7,Lewis Hamilton,CatBoost,17.0,12.0
54,Australian Grand Prix,1,9,Esteban Ocon,CatBoost,18.0,13.0
61,Chinese Grand Prix,2,24,Gabriel Bortoleto,CatBoost,18.0,14.0
55,Japanese Grand Prix,3,9,Esteban Ocon,CatBoost,18.0,18.0
56,Bahrain Grand Prix,4,25,Liam Lawson,CatBoost,18.0,16.0
57,Saudi Arabian Grand Prix,5,10,Nico Hulkenberg,CatBoost,18.0,15.0
60,Miami Grand Prix,6,20,Pierre Gasly,CatBoost,18.0,13.0
58,Emilia Romagna Grand Prix,7,10,Nico Hulkenberg,CatBoost,18.0,12.0
59,Monaco Grand Prix,8,10,Nico Hulkenberg,CatBoost,18.0,16.0
77,Spanish Grand Prix,9,9,Esteban Ocon,CatBoost,18.0,16.0
78,Canadian Grand Prix,10,20,Pierre Gasly,CatBoost,18.0,15.0
79,Austrian Grand Prix,11,9,Esteban Ocon,CatBoost,18.0,10.0
80,British Grand Prix,12,8,Lance Stroll,CatBoost,18.0,7.0
81,Belgian Grand Prix,13,8,Lance Stroll,CatBoost,18.0,14.0
82,Hungarian Grand Prix,14,10,Nico Hulkenberg,CatBoost,18.0,13.0
83,Dutch Grand Prix,15,9,Esteban Ocon,CatBoost,18.0,10.0
84,Italian Grand Prix,16,27,Franco Colapinto,CatBoost,18.0,17.0
85,Azerbaijan Grand Prix,17,15,Alexander Albon,CatBoost,18.0,
86,Singapore Grand Prix,18,15,Alexander Albon,CatBoost,18.0,
87,United States Grand Prix,19,23,Isack Hadjar,CatBoost,18.0,
88,Mexico City Grand Prix,20,8,Lance Stroll,CatBoost,18.0,14.0
89,São Paulo Grand Prix,21,14,Yuki Tsunoda,CatBoost,18.0,17.0
90,Las Vegas Grand Prix,22,14,Yuki Tsunoda,CatBoost,18.0,
91,Qatar Grand Prix,23,9,Esteban Ocon,CatBoost,18.0,15.0
54,Australian Grand Prix,1,26,Oliver Bearman,CatBoost,19.0,14.0
61,Chinese Grand Prix,2,25,Liam Lawson,CatBoost,19.0,12.0
55,Japanese Grand Prix,3,28,Jack Doohan,CatBoost,19.0,15.0
56,Bahrain Grand Prix,4,24,Gabriel Bortoleto,CatBoost,19.0,18.0
57,Saudi Arabian Grand Prix,5,9,Esteban Ocon,CatBoost,19.0,14.0
60,Miami Grand Prix,6,8,Lance Stroll,CatBoost,19.0,16.0
58,Emilia Romagna Grand Prix,7,9,Esteban Ocon,CatBoost,19.0,20.0
59,Monaco Grand Prix,8,8,Lance Stroll,CatBoost,19.0,15.0
77,Spanish Grand Prix,9,27,Franco Colapinto,CatBoost,19.0,15.0
78,Canadian Grand Prix,10,8,Lance Stroll,CatBoost,19.0,17.0
79,Austrian Grand Prix,11,14,Yuki Tsunoda,CatBoost,19.0,16.0
80,British Grand Prix,12,24,Gabriel Bortoleto,CatBoost,19.0,18.0
81,Belgian Grand Prix,13,29,Kimi Antonelli,CatBoost,19.0,16.0
82,Hungarian Grand Prix,14,15,Alexander Albon,CatBoost,19.0,15.0
83,Dutch Grand Prix,15,26,Oliver Bearman,CatBoost,19.0,6.0
84,Italian Grand Prix,16,20,Pierre Gasly,CatBoost,19.0,16.0
85,Azerbaijan Grand Prix,17,20,Pierre Gasly,CatBoost,19.0,
86,Singapore Grand Prix,18,20,Pierre Gasly,CatBoost,19.0,
87,United States Grand Prix,19,8,Lance Stroll,CatBoost,19.0,
88,Mexico City Grand Prix,20,20,Pierre Gasly,CatBoost,19.0,15.0
89,São Paulo Grand Prix,21,27,Franco Colapinto,CatBoost,19.0,15.0
90,Las Vegas Grand Prix,22,24,Gabriel Bortoleto,CatBoost,19.0,
91,Qatar Grand Prix,23,27,Franco Colapinto,CatBoost,19.0,14.0
54,Australian Grand Prix,1,25,Liam Lawson,CatBoost,20.0,15.0
61,Chinese Grand Prix,2,28,Jack Doohan,CatBoost,20.0,13.0
55,Japanese Grand Prix,3,8,Lance Stroll,CatBoost,20.0,20.0
56,Bahrain Grand Prix,4,8,Lance Stroll,CatBoost,20.0,17.0
57,Saudi Arabian Grand Prix,5,24,Gabriel Bortoleto,CatBoost,20.0,18.0
60,Miami Grand Prix,6,26,Oliver Bearman,CatBoost,20.0,19.0
58,Emilia Romagna Grand Prix,7,26,Oliver Bearman,CatBoost,20.0,17.0
59,Monaco Grand Prix,8,20,Pierre Gasly,CatBoost,20.0,20.0
77,Spanish Grand Prix,9,14,Yuki Tsunoda,CatBoost,20.0,13.0
78,Canadian Grand Prix,10,25,Liam Lawson,CatBoost,20.0,19.0
79,Austrian Grand Prix,11,4,Carlos Sainz,CatBoost,20.0,20.0
80,British Grand Prix,12,27,Franco Colapinto,CatBoost,20.0,20.0
81,Belgian Grand Prix,13,5,Fernando Alonso,CatBoost,20.0,17.0
82,Hungarian Grand Prix,14,9,Esteban Ocon,CatBoost,20.0,16.0
83,Dutch Grand Prix,15,8,Lance Stroll,CatBoost,20.0,7.0
84,Italian Grand Prix,16,25,Liam Lawson,CatBoost,20.0,14.0
85,Azerbaijan Grand Prix,17,9,Esteban Ocon,CatBoost,20.0,
86,Singapore Grand Prix,18,4,Carlos Sainz,CatBoost,20.0,
87,United States Grand Prix,19,15,Alexander Albon,CatBoost,20.0,
88,Mexico City Grand Prix,20,27,Franco Colapinto,CatBoost,20.0,16.0
89,São Paulo Grand Prix,21,9,Esteban Ocon,CatBoost,20.0,12.0
90,Las Vegas Grand Prix,22,7,Lewis Hamilton,CatBoost,20.0,
91,Qatar Grand Prix,23,8,Lance Stroll,CatBoost,20.0,17.0
